Index,Symbol,Action Type,Order Type,Total Qty.,Qty. Filled,Qty. Remaining,Price,Stop Price,Limit Price,Created Date/Time (E),Update Date/Time (E)
0,STTK,Buy,Market,635,635,0,7.86,0,0,1/2/2024 12:39,1/2/2024 12:40
3,IOVA,Buy,Market,596,596,0,8.38,0,0,1/5/2024 13:37,1/5/2024 13:38
6,TREE,Buy,Market,155,155,0,32,0,0,1/8/2024 9:33,1/8/2024 9:34
7,TREE,Sell,Stop,155,155,0,30.4,30.4,0,1/8/2024 9:34,1/11/2024 11:30
9,ARDX,Buy,Market,733,733,0,6.85,0,0,1/8/2024 9:35,1/8/2024 9:36
11,ARDX,Sell,Limit,366,366,0,7.63,0,7.63,1/8/2024 9:36,1/8/2024 11:15
12,NKTX,Buy,Market,794,794,0,6.33,0,0,1/8/2024 9:40,1/8/2024 9:41
14,NKTX,Sell,Limit,397,397,0,9.07,0,9.07,1/8/2024 9:41,1/8/2024 10:38
15,CABA,Buy,Market,222,222,0,23.07,0,0,1/8/2024 10:18,1/8/2024 10:19
16,CABA,Sell,Stop,222,222,0,21.93,21.93,0,1/8/2024 10:19,1/10/2024 13:02
18,CCCC,Buy,Market,764,764,0,6.87,0,0,1/8/2024 13:15,1/8/2024 13:16
21,CLDX,Buy,Market,130,130,0,40.5,0,0,1/8/2024 14:39,1/8/2024 14:44
22,CLDX,Sell,Stop,130,130,0,38.99,38.99,0,1/8/2024 14:44,1/10/2024 10:55
24,MARA,Buy,Market,196,196,0,26.87,0,0,1/10/2024 12:51,1/10/2024 12:52
25,MARA,Sell,Stop,196,196,0,23.29,23.29,0,1/10/2024 12:52,1/11/2024 10:50
27,ZIMV,Buy,Market,291,291,0,18.09,0,0,1/10/2024 13:04,1/10/2024 13:05
28,ZIMV,Sell,Stop,291,291,0,17.19,17.19,0,1/10/2024 13:05,1/12/2024 12:01
30,CRSP,Buy,Market,82,82,0,63.75,0,0,1/11/2024 9:54,1/11/2024 9:55
31,CRSP,Sell,Stop,82,82,0,60.57,60.57,0,1/11/2024 9:55,1/17/2024 13:20
33,KURA,Buy,Market,334,334,0,15.57,0,0,1/11/2024 14:36,1/11/2024 14:37
34,KURA,Sell,Stop,334,334,0,14.94,14.94,0,1/11/2024 14:37,1/16/2024 9:31
36,TWST,Buy,Market,139,139,0,37.57,0,0,1/12/2024 9:47,1/12/2024 9:48
37,TWST,Sell,Stop,139,139,0,35.29,35.29,0,1/12/2024 9:48,1/16/2024 9:31
39,IOVA,Sell,Market,596,596,0,8.07,0,0,1/17/2024 9:31,1/17/2024 9:32
40,STTK,Sell,Market,635,635,0,8.35,0,0,1/17/2024 9:31,1/17/2024 9:32
41,CCCC,Sell,Market,764,764,0,6.55,0,0,1/18/2024 9:31,1/18/2024 9:32
42,ARDX,Sell,Market,367,367,0,8.06,0,0,1/19/2024 9:31,1/19/2024 9:32
43,NKTX,Sell,Market,397,397,0,8.34,0,0,1/19/2024 9:31,1/19/2024 9:32
44,MRUS,Buy,Market,149,149,0,33.43,0,0,1/19/2024 10:28,1/19/2024 10:29
46,MRUS,Sell,Limit,74,74,0,39.57,0,39.57,1/19/2024 10:29,2/8/2024 12:02
47,VKTX,Buy,Market,226,226,0,22.11,0,0,1/19/2024 10:52,1/19/2024 10:53
50,ACLX,Buy,Market,87,87,0,57.32,0,0,1/22/2024 9:34,1/22/2024 9:35
51,IOT,Buy,Market,147,147,0,33.93,0,0,1/22/2024 9:34,1/22/2024 9:35
56,ARCT,Buy,Market,148,148,0,33.4,0,0,1/22/2024 9:35,1/22/2024 9:36
54,IOT,Sell,Stop,147,147,0,32.52,32.52,0,1/22/2024 9:35,1/23/2024 10:25
53,ACLX,Sell,Limit,44,44,0,64.31,0,64.31,1/22/2024 9:35,1/29/2024 10:01
59,KYMR,Buy,Market,174,174,0,28.88,0,0,1/22/2024 9:53,1/22/2024 9:54
61,KYMR,Sell,Limit,87,87,0,35.3,0,35.29,1/22/2024 9:54,2/9/2024 11:54
62,EYPT,Buy,Market,213,213,0,23.46,0,0,1/22/2024 11:00,1/22/2024 11:01
64,EYPT,Sell,Limit,106,106,0,28.92,0,28.92,1/22/2024 11:01,2/1/2024 14:15
65,ZJYL,Buy,Market,743,743,0,6.83,0,0,1/23/2024 12:33,1/23/2024 12:36
67,ZJYL,Sell,Limit,372,372,0,11.9,0,11.9,1/23/2024 12:36,1/23/2024 14:25
68,OSCR,Buy,Market,438,438,0,11.82,0,0,1/24/2024 9:34,1/24/2024 9:35
70,OSCR,Sell,Limit,219,219,0,17.43,0,14.53,1/24/2024 9:35,2/8/2024 9:31
71,TNGX,Buy,Market,439,439,0,11.81,0,0,1/24/2024 9:39,1/24/2024 9:40
74,RYTM,Buy,Market,118,118,0,43.65,0,0,1/24/2024 12:52,1/24/2024 12:53
76,RYTM,Sell,Limit,59,59,0,50.75,0,50.75,1/24/2024 12:53,2/9/2024 10:28
77,VKTX,Sell,Market,226,226,0,21.7,0,0,1/25/2024 9:31,1/25/2024 9:32
78,ARCT,Sell,Market,148,148,0,32.9,0,0,1/25/2024 9:31,1/25/2024 9:32
79,ARDX,Buy,Market,581,581,0,9.1,0,0,1/26/2024 9:36,1/26/2024 9:37
82,EOLS,Buy,Market,402,402,0,12.88,0,0,1/29/2024 9:33,1/29/2024 9:34
85,PRCT,Buy,Market,110,110,0,47.38,0,0,1/29/2024 10:13,1/29/2024 10:14
88,GTLB,Buy,Market,73,73,0,71.66,0,0,1/29/2024 10:30,1/29/2024 10:31
91,PTGX,Buy,Market,204,204,0,25.64,0,0,1/29/2024 10:32,1/29/2024 10:33
93,PTGX,Sell,Limit,102,102,0,29.25,0,29.25,1/29/2024 10:33,2/1/2024 14:14
94,ARVN,Buy,Market,130,130,0,40.31,0,0,1/31/2024 9:36,1/31/2024 9:37
96,ARVN,Sell,Limit,65,65,0,46.44,0,46.44,1/31/2024 9:37,2/1/2024 13:29
97,AMCX,Buy,Market,281,281,0,19.01,0,0,1/31/2024 12:55,1/31/2024 12:58
98,AMCX,Sell,Stop,281,281,0,18.19,18.19,0,1/31/2024 12:58,1/31/2024 15:45
100,ARDX,Sell,Market,581,581,0,8.82,0,0,2/1/2024 9:31,2/1/2024 9:32
101,PRCT,Sell,Market,110,110,0,46.82,0,0,2/1/2024 9:31,2/1/2024 9:34
102,RXST,Buy,Market,110,110,0,48.1,0,0,2/1/2024 10:35,2/1/2024 10:36
103,RXST,Sell,Stop,110,110,0,46.44,46.44,0,2/1/2024 10:36,2/2/2024 11:37
105,NKTX,Buy,Market,548,548,0,9.7,0,0,2/1/2024 11:12,2/1/2024 11:13
108,NTRA,Buy,Market,79,79,0,67.22,0,0,2/1/2024 11:37,2/1/2024 11:38
109,NTRA,Sell,Stop,79,79,0,64.93,64.93,0,2/1/2024 11:38,2/2/2024 9:51
111,FSLY,Buy,Market,250,250,0,21.48,0,0,2/2/2024 11:39,2/2/2024 11:40
113,FSLY,Sell,Limit,125,125,0,24.44,0,24.44,2/2/2024 11:40,2/9/2024 9:32
112,FSLY,Sell,Stop,125,125,0,18.07,20.49,0,2/2/2024 11:40,2/15/2024 9:31
114,SANA,Buy,Market,901,901,0,6,0,0,2/5/2024 15:40,2/5/2024 15:41
116,SANA,Sell,Limit,450,450,0,7.35,0,7.35,2/5/2024 15:41,2/14/2024 13:07
117,NKTX,Sell,Market,548,548,0,8.96,0,0,2/6/2024 9:31,2/6/2024 9:32
118,ARCT,Buy,Market,152,152,0,35.68,0,0,2/6/2024 9:46,2/6/2024 9:47
121,PRAX,Buy,Market,119,119,0,45.26,0,0,2/6/2024 13:49,2/6/2024 13:50
124,GTLB,Sell,Market,73,73,0,71.51,0,0,2/7/2024 9:31,2/7/2024 9:32
125,PTGX,Sell,Market,102,102,0,25.68,0,0,2/7/2024 9:31,2/7/2024 9:32
126,S,Buy,Market,189,189,0,28.62,0,0,2/7/2024 9:33,2/7/2024 9:34
127,S,Sell,Stop,189,189,0,27.35,27.35,0,2/7/2024 9:34,2/13/2024 9:31
129,LQDA,Buy,Market,388,388,0,13.81,0,0,2/7/2024 9:55,2/7/2024 9:56
130,LQDA,Sell,Stop,388,388,0,13,13,0,2/7/2024 9:56,2/20/2024 10:08
132,TMDX,Buy,Market,60,60,0,89.1,0,0,2/7/2024 10:29,2/7/2024 10:31
135,IOVA,Buy,Market,653,653,0,8.3,0,0,2/7/2024 10:31,2/7/2024 10:32
133,TMDX,Sell,Stop,60,60,0,85.92,85.92,0,2/7/2024 10:31,2/8/2024 9:32
137,IOVA,Sell,Limit,326,326,0,9.93,0,9.93,2/7/2024 10:32,2/12/2024 10:29
138,ZJYL,Sell,Market,371,371,0,14.1,0,0,2/8/2024 9:31,2/8/2024 9:32
139,VKTX,Buy,Market,209,209,0,26.86,0,0,2/8/2024 9:34,2/8/2024 9:35
141,VKTX,Sell,Limit,104,104,0,32.16,0,32.16,2/8/2024 9:35,2/14/2024 10:17
142,ARDX,Buy,Market,589,589,0,9.48,0,0,2/8/2024 9:40,2/8/2024 9:41
143,ARDX,Sell,Stop,589,589,0,8.99,8.99,0,2/8/2024 9:41,2/13/2024 14:17
145,GTLB,Buy,Market,74,74,0,74.98,0,0,2/8/2024 9:49,2/8/2024 9:50
146,GTLB,Sell,Stop,74,74,0,69.89,71.78,0,2/8/2024 9:50,2/13/2024 9:31
148,VSCO,Buy,Market,204,204,0,27.26,0,0,2/8/2024 9:51,2/8/2024 9:52
151,MOD,Buy,Market,79,79,0,71.1,0,0,2/8/2024 10:12,2/8/2024 10:13
153,MOD,Sell,Limit,40,40,0,82.03,0,82.03,2/8/2024 10:13,2/22/2024 12:55
154,NKTX,Buy,Market,534,534,0,10.6,0,0,2/8/2024 10:18,2/8/2024 10:19
157,RXST,Buy,Market,115,115,0,49.01,0,0,2/8/2024 13:45,2/8/2024 13:47
159,RXST,Sell,Limit,58,58,0,55.12,0,55.12,2/8/2024 13:47,2/16/2024 9:34
160,ACLX,Sell,Market,43,43,0,61.9,0,0,2/9/2024 9:31,2/9/2024 9:35
161,TNGX,Sell,Market,439,439,0,11.89,0,0,2/9/2024 9:31,2/9/2024 9:36
162,RNA,Buy,Market,451,451,0,12.75,0,0,2/9/2024 9:37,2/9/2024 9:38
164,RNA,Sell,Limit,226,226,0,15.73,0,15.73,2/9/2024 9:38,2/28/2024 9:43
165,VERA,Buy,Market,144,144,0,39.73,0,0,2/9/2024 9:41,2/9/2024 9:42
168,TWST,Buy,Market,152,152,0,37.84,0,0,2/9/2024 9:44,2/9/2024 9:45
169,TWST,Sell,Stop,152,152,0,35.43,35.43,0,2/9/2024 9:45,2/13/2024 10:14
171,STNE,Buy,Market,302,302,0,19.1,0,0,2/9/2024 9:48,2/9/2024 9:49
172,STNE,Sell,Stop,302,302,0,18.42,18.42,0,2/9/2024 9:49,2/9/2024 11:07
174,AAOI,Buy,Market,274,274,0,21.75,0,0,2/12/2024 10:11,2/12/2024 10:12
175,AAOI,Sell,Stop,274,274,0,19.8,19.8,0,2/12/2024 10:12,2/13/2024 9:31
177,TRML,Buy,Market,149,149,0,38.26,0,0,2/13/2024 11:18,2/13/2024 11:19
180,PRAX,Sell,Market,119,119,0,42,0,0,2/14/2024 9:31,2/14/2024 9:36
181,KROS,Buy,Market,99,99,0,58.26,0,0,2/14/2024 9:36,2/14/2024 9:37
183,KROS,Sell,Limit,50,50,0,69.28,0,69.28,2/14/2024 9:37,2/27/2024 11:43
184,NXT,Buy,Market,95,95,0,60.23,0,0,2/14/2024 9:44,2/14/2024 9:45
185,NXT,Sell,Stop,95,95,0,57.44,57.44,0,2/14/2024 9:45,2/21/2024 9:31
187,EYPT,Sell,Market,107,107,0,29.3,0,0,2/15/2024 9:31,2/15/2024 9:32
188,NKTX,Sell,Market,534,534,0,10.29,0,0,2/15/2024 9:31,2/15/2024 9:32
189,FATE,Buy,Market,838,838,0,6.96,0,0,2/15/2024 10:16,2/15/2024 10:17
192,ARCT,Sell,Market,152,152,0,36.31,0,0,2/20/2024 9:31,2/20/2024 9:32
193,KURA,Buy,Market,281,281,0,21.13,0,0,2/20/2024 9:33,2/20/2024 9:34
194,KURA,Sell,Stop,281,281,0,20.32,20.32,0,2/20/2024 9:34,2/20/2024 11:15
196,EOLS,Sell,Market,402,402,0,13.16,0,0,2/21/2024 9:31,2/21/2024 9:32
197,RYTM,Sell,Market,59,59,0,48.58,0,0,2/21/2024 9:31,2/21/2024 9:32
198,TRML,Sell,Market,149,149,0,36.97,0,0,2/21/2024 9:31,2/21/2024 9:40
199,CRBP,Buy,Market,232,232,0,25.3,0,0,2/21/2024 9:37,2/21/2024 9:38
201,CRBP,Sell,Limit,116,116,0,32.83,0,32.83,2/21/2024 9:38,3/1/2024 13:38
202,ARVN,Sell,Market,65,65,0,48.52,0,0,2/22/2024 9:31,2/22/2024 9:32
203,VSCO,Sell,Market,204,204,0,28.69,0,0,2/22/2024 9:31,2/22/2024 9:32
204,RXRX,Buy,Market,440,440,0,13.42,0,0,2/22/2024 9:37,2/22/2024 9:38
207,ADVM,Buy,Market,269,269,0,22.3,0,0,2/22/2024 12:04,2/22/2024 12:05
210,OSCR,Sell,Market,219,219,0,15.94,0,0,2/23/2024 9:31,2/23/2024 9:32
211,TARS,Buy,Market,186,186,0,31.91,0,0,2/23/2024 10:27,2/23/2024 10:28
212,TARS,Sell,Stop,186,186,0,30.55,30.55,0,2/23/2024 10:28,2/26/2024 9:31
214,POWL,Buy,Market,37,37,0,159.35,0,0,2/23/2024 12:00,2/23/2024 12:01
216,POWL,Sell,Limit,18,18,0,183.23,0,183.23,2/23/2024 12:01,2/29/2024 13:02
217,COIN,Buy,Market,34,34,0,172.79,0,0,2/26/2024 9:33,2/26/2024 9:34
219,COIN,Sell,Limit,17,17,0,205.28,0,205.28,2/26/2024 9:34,2/27/2024 9:31
220,KURA,Buy,Market,286,286,0,20.79,0,0,2/26/2024 9:35,2/26/2024 9:36
222,KURA,Sell,Limit,143,143,0,23.92,0,23.92,2/26/2024 9:36,3/11/2024 9:40
223,APP,Buy,Market,100,100,0,59.29,0,0,2/26/2024 9:39,2/26/2024 9:40
226,TARS,Buy,Market,185,185,0,32.56,0,0,2/26/2024 11:14,2/26/2024 11:15
228,TARS,Sell,Limit,92,92,0,36.48,0,36.48,2/26/2024 11:15,2/27/2024 9:31
229,ADVM,Sell,Market,269,269,0,19.35,0,0,2/27/2024 9:31,2/27/2024 9:32
230,PLTR,Buy,Market,265,265,0,24.25,0,0,2/27/2024 9:33,2/27/2024 9:34
233,GCT,Buy,Market,176,176,0,35.81,0,0,2/27/2024 10:16,2/27/2024 10:17
236,CRSP,Buy,Market,72,72,0,88.37,0,0,2/27/2024 12:16,2/27/2024 12:17
239,TREE,Buy,Market,185,185,0,35.54,0,0,2/28/2024 9:43,2/28/2024 9:44
242,CGEM,Buy,Market,354,354,0,18.52,0,0,2/28/2024 9:44,2/28/2024 9:45
241,TREE,Sell,Limit,92,92,0,41.94,0,41.94,2/28/2024 9:44,3/8/2024 9:50
243,CGEM,Sell,Stop,354,354,0,17.64,17.64,0,2/28/2024 9:45,3/5/2024 10:36
245,RXRX,Sell,Market,440,440,0,13.3,0,0,2/29/2024 9:31,2/29/2024 9:32
246,VERA,Sell,Market,144,144,0,48,0,0,2/29/2024 9:31,2/29/2024 9:33
247,MGNX,Buy,Market,350,350,0,18.54,0,0,2/29/2024 13:28,2/29/2024 13:29
248,MGNX,Sell,Stop,350,350,0,17.27,17.27,0,2/29/2024 13:29,3/8/2024 13:16
250,CRSP,Sell,Market,72,72,0,84.22,0,0,3/1/2024 9:31,3/1/2024 9:32
251,FATE,Sell,Market,838,838,0,7.28,0,0,3/1/2024 9:31,3/1/2024 9:32
252,RXST,Sell,Market,57,57,0,55.7,0,0,3/1/2024 9:31,3/1/2024 9:32
253,ARVN,Buy,Market,134,134,0,49.6,0,0,3/1/2024 9:52,3/1/2024 9:53
254,ARVN,Sell,Stop,134,134,0,46.77,46.77,0,3/1/2024 9:53,3/4/2024 9:34
256,BHVN,Buy,Market,133,133,0,49.83,0,0,3/1/2024 10:06,3/1/2024 10:07
258,BHVN,Sell,Limit,66,66,0,57.5,0,57.5,3/1/2024 10:07,3/4/2024 12:22
259,FROG,Buy,Market,148,148,0,45.12,0,0,3/1/2024 10:17,3/1/2024 10:18
260,FROG,Sell,Stop,148,148,0,42.73,43.01,0,3/1/2024 10:18,3/5/2024 9:31
262,ASPN,Buy,Market,360,360,0,18.57,0,0,3/1/2024 11:45,3/1/2024 11:46
263,ASPN,Sell,Stop,360,360,0,17.47,17.47,0,3/1/2024 11:46,3/1/2024 13:04
265,HIMS,Buy,Market,492,492,0,13.73,0,0,3/4/2024 9:40,3/4/2024 9:41
266,HIMS,Sell,Stop,492,492,0,12.94,12.94,0,3/4/2024 9:41,3/6/2024 9:31
268,IOVA,Sell,Market,327,327,0,16.83,0,0,3/6/2024 9:31,3/6/2024 9:32
270,PLTR,Sell,Market,265,265,0,25.64,0,0,3/6/2024 9:31,3/6/2024 9:32
271,POWL,Sell,Market,19,19,0,173.41,0,0,3/6/2024 9:31,3/6/2024 9:32
269,KYMR,Sell,Market,87,87,0,42.62,0,0,3/6/2024 9:31,3/6/2024 9:38
272,BLZE,Buy,Market,570,570,0,11.84,0,0,3/6/2024 9:34,3/6/2024 9:35
273,BLZE,Sell,Stop,570,570,0,11.03,11.03,0,3/6/2024 9:35,3/11/2024 9:44
275,PLTR,Buy,Market,257,257,0,26.15,0,0,3/6/2024 9:44,3/6/2024 9:45
276,PLTR,Sell,Stop,257,257,0,25.13,25.13,0,3/6/2024 9:45,3/6/2024 9:58
278,IMNM,Buy,Market,254,254,0,26.41,0,0,3/6/2024 9:49,3/6/2024 9:50
279,IMNM,Sell,Stop,254,254,0,24.22,24.22,0,3/6/2024 9:50,3/11/2024 15:39
281,PLTR,Buy,Market,258,258,0,25.99,0,0,3/6/2024 11:12,3/6/2024 11:13
282,PLTR,Sell,Stop,258,258,0,24.98,24.98,0,3/6/2024 11:13,3/12/2024 9:33
285,MRUS,Sell,Market,75,75,0,48.35,0,0,3/7/2024 9:31,3/7/2024 9:33
284,KROS,Sell,Market,49,49,0,66.76,0,0,3/7/2024 9:31,3/7/2024 9:35
286,MAX,Buy,Market,299,299,0,22.56,0,0,3/7/2024 9:33,3/7/2024 9:34
287,MAX,Sell,Stop,299,299,0,21.37,21.37,0,3/7/2024 9:34,3/7/2024 9:47
289,MOD,Sell,Market,39,39,0,87.76,0,0,3/8/2024 9:31,3/8/2024 9:32
290,VKTX,Sell,Market,105,105,0,76.64,0,0,3/8/2024 9:31,3/8/2024 9:32
291,GCT,Sell,Market,176,176,0,34.77,0,0,3/8/2024 9:31,3/8/2024 9:32
292,SANA,Sell,Market,451,451,0,9.87,0,0,3/8/2024 9:31,3/8/2024 9:32
293,TARS,Sell,Market,93,93,0,35.56,0,0,3/8/2024 9:31,3/8/2024 9:33
294,CVNA,Buy,Market,76,76,0,87.36,0,0,3/8/2024 9:33,3/8/2024 9:34
295,CVNA,Sell,Stop,76,76,0,79.47,79.47,0,3/8/2024 9:34,3/11/2024 10:08
297,APP,Sell,Market,100,100,0,61,0,0,3/12/2024 9:31,3/12/2024 9:32
298,SOUN,Buy,Market,1017,1017,0,6.39,0,0,3/12/2024 9:59,3/12/2024 10:00
300,SOUN,Sell,Limit,508,508,0,9.55,0,9.2,3/12/2024 10:00,3/14/2024 9:31
301,KRYS,Buy,Market,36,36,0,177.26,0,0,3/12/2024 11:42,3/12/2024 11:43
304,BAND,Buy,Market,310,310,0,21.3,0,0,3/13/2024 9:33,3/13/2024 9:34
305,ASPN,Buy,Market,356,356,0,18.5,0,0,3/13/2024 9:33,3/13/2024 9:34
306,BAND,Sell,Stop,310,310,0,19.81,19.81,0,3/13/2024 9:34,3/13/2024 15:29
308,ASPN,Sell,Stop,356,356,0,17.36,17.36,0,3/13/2024 9:34,3/14/2024 9:31
310,HIMS,Buy,Market,442,442,0,14.99,0,0,3/13/2024 9:39,3/13/2024 9:40
311,HIMS,Sell,Stop,442,442,0,14.08,14.08,0,3/13/2024 9:40,3/15/2024 10:11
313,BMA,Buy,Market,159,159,0,41.74,0,0,3/13/2024 10:25,3/13/2024 10:26
315,BMA,Sell,Limit,80,80,0,49.39,0,49.19,3/13/2024 10:26,3/21/2024 9:32
316,LQDA,Buy,Market,460,460,0,14.4,0,0,3/13/2024 13:50,3/13/2024 13:51
318,LQDA,Sell,Limit,230,230,0,16.4,0,16.4,3/13/2024 13:51,3/14/2024 10:07
319,BHVN,Sell,Market,67,67,0,57.17,0,0,3/15/2024 9:31,3/15/2024 9:32
320,KURA,Sell,Market,143,143,0,22.12,0,0,3/15/2024 9:31,3/15/2024 9:32
321,COIN,Sell,Market,17,17,0,227.46,0,0,3/15/2024 9:31,3/15/2024 9:32
322,TREE,Sell,Market,93,93,0,37.98,0,0,3/15/2024 9:31,3/15/2024 9:32
323,FDMT,Buy,Market,214,214,0,30.81,0,0,3/15/2024 9:49,3/15/2024 9:50
326,ROOT,Buy,Market,135,135,0,48.41,0,0,3/15/2024 10:10,3/15/2024 10:11
329,ATXS,Buy,Market,423,423,0,15.62,0,0,3/15/2024 10:42,3/15/2024 10:43
330,ATXS,Sell,Stop,423,423,0,14.4,14.4,0,3/15/2024 10:43,3/20/2024 11:43
332,APP,Buy,Market,102,102,0,64.7,0,0,3/18/2024 9:33,3/18/2024 9:34
334,APP,Sell,Limit,51,51,0,71.52,0,71.43,3/18/2024 9:34,3/21/2024 9:31
335,HIMS,Buy,Market,440,440,0,15.04,0,0,3/18/2024 10:06,3/18/2024 10:07
338,KRYS,Sell,Market,36,36,0,169.5,0,0,3/19/2024 9:31,3/19/2024 9:35
339,ROOT,Sell,Market,135,135,0,42.7,0,0,3/20/2024 9:31,3/20/2024 9:32
340,CVNA,Buy,Market,79,79,0,83.67,0,0,3/20/2024 9:54,3/20/2024 9:55
343,CRBP,Sell,Market,116,116,0,38.68,0,0,3/21/2024 9:31,3/21/2024 9:35
344,MNMD,Buy,Market,640,640,0,10.42,0,0,3/21/2024 9:34,3/21/2024 9:35
347,CLS,Buy,Market,145,145,0,45.8,0,0,3/21/2024 9:57,3/21/2024 9:58
350,SOUN,Sell,Market,509,509,0,6.29,0,0,3/22/2024 9:31,3/22/2024 9:32
351,CRDF,Buy,Market,1231,1231,0,5.4,0,0,3/22/2024 9:50,3/22/2024 9:51
354,ADMA,Buy,Market,1034,1034,0,6.48,0,0,3/25/2024 9:51,3/25/2024 9:52
357,RNA,Sell,Market,225,225,0,23.6,0,0,3/26/2024 9:31,3/26/2024 9:32
358,VKTX,Buy,Market,81,81,0,81.98,0,0,3/26/2024 9:34,3/26/2024 9:35
359,VKTX,Sell,Stop,81,81,0,75.02,75.02,0,3/26/2024 9:35,4/2/2024 9:41
361,PACK,Buy,Market,848,848,0,7.9,0,0,3/26/2024 9:48,3/26/2024 9:49
364,DELL,Buy,Market,57,57,0,115.8,0,0,3/26/2024 9:50,3/26/2024 9:51
365,DELL,Sell,Stop,57,57,0,111.38,111.38,0,3/26/2024 9:51,3/27/2024 10:03
367,KRYS,Buy,Market,38,38,0,174.98,0,0,3/26/2024 14:00,3/26/2024 14:02
370,HIMS,Sell,Market,440,440,0,15.81,0,0,3/28/2024 9:31,3/28/2024 9:32
371,LQDA,Sell,Market,230,230,0,15.03,0,0,3/28/2024 9:31,3/28/2024 9:32
372,MNMD,Sell,Market,640,640,0,9.43,0,0,3/28/2024 9:31,3/28/2024 9:32
373,TARS,Buy,Market,184,184,0,35.56,0,0,3/28/2024 10:40,3/28/2024 10:41
376,MAX,Buy,Market,319,319,0,20.6,0,0,3/28/2024 11:53,3/28/2024 11:54
377,MAX,Sell,Stop,319,319,0,19.77,19.87,0,3/28/2024 11:54,4/2/2024 9:31
379,BMA,Sell,Market,79,79,0,48.57,0,0,4/1/2024 9:31,4/1/2024 9:32
380,APP,Sell,Market,51,51,0,68.64,0,0,4/1/2024 9:31,4/1/2024 9:32
381,CLS,Sell,Market,145,145,0,45.27,0,0,4/1/2024 9:31,4/1/2024 9:32
382,FDMT,Sell,Market,214,214,0,31.64,0,0,4/1/2024 9:31,4/1/2024 9:32
383,CVNA,Sell,Market,79,79,0,81.91,0,0,4/3/2024 9:31,4/3/2024 9:32
384,CRDF,Sell,Market,1231,1231,0,5.43,0,0,4/3/2024 9:31,4/3/2024 9:32
385,PACK,Sell,Market,848,848,0,7.6,0,0,4/3/2024 9:31,4/3/2024 9:32
386,ADMA,Sell,Market,1034,1034,0,6.42,0,0,4/4/2024 9:31,4/4/2024 9:32
387,TARS,Sell,Market,184,184,0,34.82,0,0,4/8/2024 9:31,4/8/2024 9:39
388,CRBP,Buy,Market,153,153,0,41.8,0,0,4/8/2024 9:35,4/8/2024 9:36
389,CRBP,Sell,Stop,153,153,0,38.29,38.29,0,4/8/2024 9:36,4/8/2024 10:04
391,KRYS,Sell,Market,38,38,0,178.01,0,0,4/11/2024 9:31,4/11/2024 9:43
392,TARS,Buy,Market,174,174,0,36.85,0,0,4/11/2024 11:16,4/11/2024 11:17
393,TARS,Sell,Stop,174,174,0,35.19,35.19,0,4/11/2024 11:17,4/12/2024 11:16
395,EVER,Buy,Market,327,327,0,19.58,0,0,4/12/2024 9:43,4/12/2024 9:44
396,EVER,Sell,Stop,327,327,0,18.62,18.62,0,4/12/2024 9:44,4/17/2024 12:46
398,CGEM,Buy,Market,319,319,0,20,0,0,4/16/2024 9:35,4/16/2024 9:36
399,CGEM,Sell,Stop,319,319,0,18.88,18.88,0,4/16/2024 9:36,4/16/2024 10:37
401,SMTC,Buy,Market,190,190,0,33.49,0,0,4/23/2024 10:00,4/23/2024 10:01
403,SMTC,Sell,Limit,95,95,0,39.29,0,39.28,4/23/2024 10:01,5/3/2024 9:31
404,OSCR,Buy,Market,371,371,0,17.12,0,0,4/23/2024 10:29,4/23/2024 10:30
406,OSCR,Sell,Limit,186,186,0,20.63,0,20.63,4/23/2024 10:30,5/8/2024 13:21
407,TMDX,Buy,Market,70,70,0,91.26,0,0,4/26/2024 9:39,4/26/2024 9:40
409,TMDX,Sell,Limit,35,35,0,110.08,0,105.84,4/26/2024 9:40,5/1/2024 9:31
410,MEG,Buy,Market,151,151,0,42.26,0,0,4/26/2024 9:54,4/26/2024 9:55
413,JANX,Buy,Market,126,126,0,50.66,0,0,4/29/2024 10:04,4/29/2024 10:05
415,JANX,Sell,Limit,63,63,0,60.04,0,60.04,4/29/2024 10:05,4/29/2024 15:26
416,EVER,Buy,Market,323,323,0,19.98,0,0,4/30/2024 9:40,4/30/2024 9:41
418,EVER,Sell,Limit,162,162,0,23.48,0,23.48,4/30/2024 9:41,5/7/2024 9:32
419,RXST,Buy,Market,118,118,0,55.31,0,0,5/1/2024 14:15,5/1/2024 14:16
421,RXST,Sell,Limit,59,59,0,62.29,0,61.95,5/1/2024 14:16,5/6/2024 9:31
422,CVNA,Buy,Market,74,74,0,88.61,0,0,5/1/2024 14:41,5/1/2024 14:42
424,CVNA,Sell,Limit,37,37,0,119.95,0,105.42,5/1/2024 14:42,5/2/2024 9:31
425,FTAI,Buy,Market,90,90,0,74.4,0,0,5/2/2024 10:50,5/2/2024 10:51
428,GOTU,Buy,Market,951,951,0,7.08,0,0,5/2/2024 11:10,5/2/2024 11:11
431,MMYT,Buy,Market,96,96,0,69.55,0,0,5/2/2024 13:20,5/2/2024 13:21
433,MMYT,Sell,Limit,48,48,0,78.59,0,77.94,5/2/2024 13:21,5/15/2024 9:31
434,APP,Buy,Market,91,91,0,74.24,0,0,5/3/2024 9:51,5/3/2024 9:52
436,APP,Sell,Limit,46,46,0,84.33,0,84.33,5/3/2024 9:52,5/9/2024 9:40
437,CAVA,Buy,Market,94,94,0,72.33,0,0,5/3/2024 10:46,5/3/2024 10:47
440,MOD,Buy,Market,70,70,0,98,0,0,5/6/2024 9:54,5/6/2024 9:55
443,DELL,Buy,Market,52,52,0,130.32,0,0,5/8/2024 9:57,5/8/2024 9:58
445,DELL,Sell,Limit,26,26,0,146.03,0,146.03,5/8/2024 9:58,5/15/2024 11:39
446,JANX,Sell,Market,63,63,0,54.57,0,0,5/9/2024 9:31,5/9/2024 9:32
447,MEG,Sell,Market,151,151,0,43,0,0,5/9/2024 9:31,5/9/2024 9:40
448,RNA,Buy,Market,259,259,0,27.07,0,0,5/9/2024 12:08,5/9/2024 12:09
451,OUST,Buy,Market,684,684,0,10.24,0,0,5/9/2024 13:04,5/9/2024 13:05
453,OUST,Sell,Limit,342,342,0,12.32,0,12.32,5/9/2024 13:05,5/10/2024 9:34
454,GME,Buy,Market,399,399,0,17.6,0,0,5/9/2024 15:36,5/9/2024 15:37
456,GME,Sell,Limit,200,200,0,26.34,0,24.38,5/9/2024 15:37,5/13/2024 9:31
457,SMR,Buy,Market,1110,1110,0,6.4,0,0,5/10/2024 9:39,5/10/2024 9:40
459,SMR,Sell,Limit,555,555,0,7.79,0,7.79,5/10/2024 9:40,5/15/2024 9:35
458,SMR,Sell,Stop,555,555,0,5.94,5.94,0,5/10/2024 9:40,5/16/2024 14:34
460,WGS,Buy,Market,325,325,0,22.29,0,0,5/13/2024 9:35,5/13/2024 9:36
463,TWST,Buy,Market,164,164,0,44.23,0,0,5/13/2024 9:38,5/13/2024 9:39
466,MRNA,Buy,Market,57,57,0,125.57,0,0,5/13/2024 13:12,5/13/2024 13:13
468,MRNA,Sell,Limit,28,28,0,143.68,0,143.68,5/13/2024 13:13,5/21/2024 15:57
470,SMTC,Sell,Market,95,95,0,39.04,0,0,5/14/2024 9:31,5/14/2024 9:32
469,RXST,Sell,Market,59,59,0,59.4,0,0,5/14/2024 9:31,5/14/2024 9:33
471,ACB,Buy,Market,1064,1064,0,7.16,0,0,5/14/2024 9:37,5/14/2024 9:38
474,STOK,Buy,Market,622,622,0,12.32,0,0,5/14/2024 9:40,5/14/2024 9:41
476,STOK,Sell,Limit,311,311,0,14.78,0,14.77,5/14/2024 9:41,5/15/2024 11:39
477,PI,Buy,Market,46,46,0,164.84,0,0,5/14/2024 12:44,5/14/2024 12:46
480,BMA,Buy,Market,117,117,0,64.96,0,0,5/15/2024 9:42,5/15/2024 9:43
481,BMA,Sell,Stop,117,117,0,61.43,61.56,0,5/15/2024 9:43,5/22/2024 12:43
483,TNDM,Buy,Market,167,167,0,45.49,0,0,5/15/2024 10:41,5/15/2024 10:42
485,TNDM,Sell,Limit,84,84,0,53.1,0,53.1,5/15/2024 10:42,5/29/2024 10:43
486,JMIA,Buy,Market,1175,1175,0,6.56,0,0,5/15/2024 14:29,5/15/2024 14:30
487,JMIA,Sell,Stop,1175,1175,0,5.91,5.91,0,5/15/2024 14:30,5/21/2024 9:50
489,CGC,Buy,Market,741,741,0,10.38,0,0,5/16/2024 9:37,5/16/2024 9:38
492,CVNA,Sell,Market,37,37,0,118.13,0,0,5/17/2024 9:31,5/17/2024 9:32
493,HOOD,Buy,Market,394,394,0,19.27,0,0,5/17/2024 9:54,5/17/2024 9:55
495,HOOD,Sell,Limit,197,197,0,22.91,0,22.91,5/17/2024 9:55,6/6/2024 9:45
496,ROOT,Buy,Market,114,114,0,67.08,0,0,5/17/2024 10:45,5/17/2024 10:46
497,ROOT,Sell,Stop,114,114,0,60.99,60.99,0,5/17/2024 10:46,5/21/2024 13:20
499,MOD,Sell,Market,70,70,0,102.75,0,0,5/20/2024 9:31,5/20/2024 9:32
501,GME,Sell,Market,199,199,0,21.54,0,0,5/20/2024 9:31,5/20/2024 9:32
500,FTAI,Sell,Market,90,90,0,78.48,0,0,5/20/2024 9:31,5/20/2024 9:34
502,SEMR,Buy,Market,474,474,0,15.98,0,0,5/20/2024 10:35,5/20/2024 10:36
505,FTEL,Buy,Market,598,598,0,12.8,0,0,5/20/2024 12:21,5/20/2024 12:22
507,FTEL,Sell,Limit,299,299,0,32.57,0,20.26,5/20/2024 12:22,5/30/2024 11:06
508,TWST,Sell,Market,164,164,0,44.69,0,0,5/21/2024 9:31,5/21/2024 9:32
509,SMTC,Buy,Market,185,185,0,40.88,0,0,5/21/2024 10:31,5/21/2024 10:32
510,SMTC,Sell,Stop,185,185,0,39.42,39.42,0,5/21/2024 10:32,5/23/2024 10:57
512,GOTU,Sell,Market,951,951,0,7.04,0,0,5/22/2024 9:31,5/22/2024 9:32
513,WGS,Sell,Market,325,325,0,20.15,0,0,5/22/2024 9:31,5/22/2024 9:32
514,HROW,Buy,Market,432,432,0,17.31,0,0,5/22/2024 12:57,5/22/2024 12:58
517,CGC,Sell,Market,741,741,0,9.52,0,0,5/23/2024 9:31,5/23/2024 9:32
518,ACB,Sell,Market,1064,1064,0,6.81,0,0,5/23/2024 9:31,5/23/2024 9:32
519,APP,Sell,Market,45,45,0,81.01,0,0,5/23/2024 9:31,5/23/2024 9:32
520,MMYT,Sell,Market,48,48,0,79.69,0,0,5/23/2024 9:31,5/23/2024 9:32
521,OSCR,Sell,Market,185,185,0,22.39,0,0,5/23/2024 9:31,5/23/2024 9:32
522,OUST,Sell,Market,342,342,0,11.55,0,0,5/23/2024 9:31,5/23/2024 9:32
523,CDNA,Buy,Market,470,470,0,15.94,0,0,5/23/2024 11:38,5/23/2024 11:39
524,CDNA,Sell,Stop,470,470,0,14.71,14.71,0,5/23/2024 11:39,5/29/2024 9:45
529,RNA,Sell,Market,259,259,0,27.5,0,0,5/24/2024 9:31,5/24/2024 9:32
528,CAVA,Sell,Market,94,94,0,79.07,0,0,5/24/2024 9:31,5/24/2024 9:33
526,EVER,Sell,Market,161,161,0,24.17,0,0,5/24/2024 9:31,5/24/2024 9:35
527,PI,Sell,Market,46,46,0,169.7,0,0,5/24/2024 9:31,5/24/2024 9:35
530,ZIM,Buy,Market,367,367,0,20.25,0,0,5/24/2024 9:33,5/24/2024 9:34
531,ZIM,Sell,Stop,367,367,0,18.91,18.91,0,5/24/2024 9:34,6/6/2024 15:39
533,ASPN,Buy,Market,265,265,0,27.99,0,0,5/24/2024 9:35,5/24/2024 9:36
535,ASPN,Sell,Limit,132,132,0,31.26,0,31.26,5/24/2024 9:36,6/5/2024 10:26
536,MGNI,Buy,Market,605,605,0,12.31,0,0,5/24/2024 9:37,5/24/2024 9:38
539,HIMS,Buy,Market,435,435,0,17.44,0,0,5/28/2024 9:33,5/28/2024 9:34
541,HIMS,Sell,Limit,218,218,0,21.4,0,21.4,5/28/2024 9:34,5/30/2024 11:33
542,DESP,Buy,Market,487,487,0,15.39,0,0,5/28/2024 10:05,5/28/2024 10:06
543,DESP,Sell,Stop,487,487,0,14.69,14.69,0,5/28/2024 10:06,6/4/2024 9:31
545,SEMR,Sell,Market,474,474,0,15.25,0,0,5/29/2024 9:31,5/29/2024 9:34
546,STOK,Sell,Market,311,311,0,13.83,0,0,5/29/2024 9:31,5/29/2024 9:35
547,SMTC,Buy,Market,176,176,0,42.44,0,0,5/29/2024 9:36,5/29/2024 9:37
548,SMTC,Sell,Stop,176,176,0,40.86,40.86,0,5/29/2024 9:37,5/29/2024 11:09
550,BLBD,Buy,Market,135,135,0,56,0,0,5/30/2024 9:38,5/30/2024 9:39
551,BLBD,Sell,Stop,135,135,0,54,54,0,5/30/2024 9:39,6/4/2024 9:58
553,TMDX,Sell,Market,35,35,0,138.94,0,0,5/31/2024 9:31,5/31/2024 9:32
554,MRNA,Sell,Market,29,29,0,138.52,0,0,6/3/2024 9:31,6/3/2024 9:32
555,DELL,Sell,Market,26,26,0,139.58,0,0,6/3/2024 9:31,6/3/2024 9:32
556,FTEL,Sell,Market,299,299,0,15.18,0,0,6/3/2024 9:31,6/3/2024 9:32
557,IREN,Buy,Market,888,888,0,8.78,0,0,6/3/2024 9:33,6/3/2024 9:34
559,IREN,Sell,Limit,444,444,0,11.6,0,11.6,6/3/2024 9:34,6/11/2024 11:31
560,NVAX,Buy,Market,492,492,0,15.78,0,0,6/3/2024 9:40,6/3/2024 9:41
562,NVAX,Sell,Limit,246,246,0,20.6,0,20.6,6/3/2024 9:41,6/5/2024 10:20
563,HROW,Sell,Market,432,432,0,16.73,0,0,6/4/2024 9:31,6/4/2024 9:32
564,WGS,Buy,Market,344,344,0,22.3,0,0,6/4/2024 10:47,6/4/2024 10:48
566,WGS,Sell,Limit,172,172,0,27.43,0,27.42,6/4/2024 10:48,6/6/2024 9:31
567,TNDM,Sell,Market,83,83,0,51.35,0,0,6/5/2024 9:31,6/5/2024 9:32
568,SG,Buy,Market,242,242,0,32.24,0,0,6/5/2024 9:34,6/5/2024 9:35
571,APP,Buy,Market,93,93,0,85.86,0,0,6/6/2024 9:42,6/6/2024 9:43
572,APP,Sell,Stop,93,93,0,81.84,81.84,0,6/6/2024 9:43,6/7/2024 9:32
574,CRDO,Buy,Market,299,299,0,26.59,0,0,6/7/2024 9:38,6/7/2024 9:39
577,INSM,Buy,Market,134,134,0,59.08,0,0,6/10/2024 12:54,6/10/2024 12:55
580,NVAX,Sell,Market,246,246,0,16.21,0,0,6/11/2024 9:31,6/11/2024 9:32
581,FSLR,Buy,Market,27,27,0,287.75,0,0,6/11/2024 9:34,6/11/2024 9:35
582,FSLR,Sell,Stop,27,27,0,272.27,272.27,0,6/11/2024 9:35,6/17/2024 9:31
584,MRUS,Buy,Market,143,143,0,54.85,0,0,6/11/2024 9:41,6/11/2024 9:42
587,ONON,Buy,Market,178,178,0,44.06,0,0,6/11/2024 9:42,6/11/2024 9:43
588,ONON,Sell,Stop,178,178,0,42.35,42.35,0,6/11/2024 9:43,6/14/2024 11:15
590,ASTS,Buy,Market,844,844,0,9.5,0,0,6/11/2024 14:18,6/11/2024 14:19
593,ASPN,Sell,Market,133,133,0,30.87,0,0,6/12/2024 9:31,6/12/2024 9:32
594,CDNA,Buy,Market,517,517,0,15.68,0,0,6/12/2024 9:33,6/12/2024 9:34
595,AMSC,Buy,Market,341,341,0,23.94,0,0,6/12/2024 9:33,6/12/2024 9:34
596,CDNA,Sell,Stop,517,517,0,14.61,14.62,0,6/12/2024 9:34,6/13/2024 15:08
600,HROW,Buy,Market,435,435,0,18.62,0,0,6/12/2024 9:36,6/12/2024 9:37
601,HROW,Sell,Stop,435,435,0,17.75,17.75,0,6/12/2024 9:37,6/14/2024 9:31
603,TWST,Buy,Market,149,149,0,54.66,0,0,6/12/2024 9:41,6/12/2024 9:42
604,TWST,Sell,Stop,149,149,0,51.2,51.2,0,6/12/2024 9:42,6/12/2024 10:31
606,BLBD,Buy,Market,139,139,0,58.48,0,0,6/12/2024 10:08,6/12/2024 10:09
607,BLBD,Sell,Stop,139,139,0,56.01,56.21,0,6/12/2024 10:09,6/14/2024 9:31
609,HOOD,Sell,Market,197,197,0,22.54,0,0,6/17/2024 9:31,6/17/2024 9:32
610,SG,Sell,Market,242,242,0,31.8,0,0,6/17/2024 9:31,6/17/2024 9:32
611,TMDX,Buy,Market,54,54,0,146.93,0,0,6/17/2024 9:52,6/17/2024 9:53
612,TMDX,Sell,Stop,54,54,0,139.63,139.63,0,6/17/2024 9:53,6/20/2024 12:35
614,CAVA,Buy,Market,86,86,0,93.29,0,0,6/17/2024 12:20,6/17/2024 12:21
615,CAVA,Sell,Stop,86,86,0,88.71,88.71,0,6/17/2024 12:21,6/21/2024 9:32
617,CHWY,Buy,Market,342,342,0,23.6,0,0,6/18/2024 9:37,6/18/2024 9:38
619,CHWY,Sell,Limit,171,171,0,27.12,0,27.12,6/18/2024 9:38,6/24/2024 12:38
620,MGNI,Sell,Market,605,605,0,13.2,0,0,6/20/2024 9:31,6/20/2024 9:32
621,MRUS,Sell,Market,143,143,0,53.96,0,0,6/20/2024 9:31,6/20/2024 9:32
622,HIMS,Sell,Market,217,217,0,22.43,0,0,6/21/2024 9:31,6/21/2024 9:32
623,WGS,Sell,Market,172,172,0,27.06,0,0,6/21/2024 9:31,6/21/2024 9:32
624,ASTS,Sell,Market,844,844,0,10.37,0,0,6/24/2024 9:31,6/24/2024 9:32
625,CRDO,Sell,Market,299,299,0,27.1,0,0,6/24/2024 9:31,6/24/2024 9:32
626,CVNA,Buy,Market,69,69,0,113.82,0,0,6/24/2024 9:33,6/24/2024 9:34
628,CVNA,Sell,Limit,34,34,0,133.72,0,133.72,6/24/2024 9:34,6/27/2024 9:54
629,VITL,Buy,Market,180,180,0,43.76,0,0,6/24/2024 12:23,6/24/2024 12:24
632,AMSC,Sell,Market,341,341,0,23,0,0,6/25/2024 9:31,6/25/2024 9:32
633,IREN,Sell,Market,444,444,0,13,0,0,6/25/2024 9:31,6/25/2024 9:32
634,ENVX,Buy,Market,556,556,0,14.36,0,0,6/25/2024 9:35,6/25/2024 9:36
636,ENVX,Sell,Limit,278,278,0,17.77,0,17.77,6/25/2024 9:36,7/10/2024 9:38
637,MMYT,Buy,Market,95,95,0,84.38,0,0,6/25/2024 9:42,6/25/2024 9:43
638,MMYT,Sell,Stop,95,95,0,81.21,81.21,0,6/25/2024 9:43,6/26/2024 10:33
640,USM,Buy,Market,147,147,0,54.73,0,0,6/26/2024 15:20,6/26/2024 15:22
643,CRDO,Buy,Market,265,265,0,30.29,0,0,6/27/2024 9:34,6/27/2024 9:35
646,MRUS,Buy,Market,138,138,0,58.37,0,0,6/27/2024 10:07,6/27/2024 10:08
647,MRUS,Sell,Stop,138,138,0,52.79,56,0,6/27/2024 10:08,7/1/2024 9:31
649,CDNA,Buy,Market,538,538,0,15.13,0,0,6/28/2024 9:35,6/28/2024 9:36
652,EBS,Buy,Market,1120,1120,0,7.2,0,0,6/28/2024 9:43,6/28/2024 9:44
654,EBS,Sell,Limit,560,560,0,9.08,0,9.08,6/28/2024 9:44,7/10/2024 15:41
655,MMYT,Buy,Market,92,92,0,86.6,0,0,7/1/2024 14:17,7/1/2024 14:19
658,INSM,Sell,Market,134,134,0,66.27,0,0,7/2/2024 9:31,7/2/2024 9:32
659,CHWY,Sell,Market,171,171,0,24.85,0,0,7/2/2024 9:31,7/2/2024 9:32
660,GDS,Buy,Market,825,825,0,9.69,0,0,7/2/2024 11:20,7/2/2024 11:21
662,GDS,Sell,Limit,412,412,0,10.94,0,10.93,7/2/2024 11:21,7/3/2024 10:01
663,FIP,Buy,Market,883,883,0,9.02,0,0,7/2/2024 15:18,7/2/2024 15:19
666,VITL,Sell,Market,180,180,0,44.17,0,0,7/3/2024 9:31,7/3/2024 9:32
667,AMSC,Buy,Market,311,311,0,25.79,0,0,7/3/2024 9:33,7/3/2024 9:34
669,AMSC,Sell,Limit,156,156,0,30.95,0,30.95,7/3/2024 9:34,7/15/2024 14:33
670,APP,Buy,Market,93,93,0,85.72,0,0,7/3/2024 10:06,7/3/2024 10:07
671,APP,Sell,Stop,93,93,0,82.38,82.38,0,7/3/2024 10:07,7/10/2024 11:01
673,SMR,Buy,Market,656,656,0,12.35,0,0,7/5/2024 10:01,7/5/2024 10:02
675,SMR,Sell,Limit,328,328,0,16.75,0,16.66,7/5/2024 10:02,7/15/2024 9:31
676,ARQT,Buy,Market,809,809,0,9.94,0,0,7/5/2024 10:27,7/5/2024 10:28
679,INOD,Buy,Market,512,512,0,15.94,0,0,7/8/2024 9:46,7/8/2024 9:47
680,MIRM,Buy,Market,232,232,0,35.09,0,0,7/8/2024 9:46,7/8/2024 9:47
684,MIRM,Sell,Limit,116,116,0,39.53,0,39.53,7/8/2024 9:47,7/12/2024 14:07
682,INOD,Sell,Limit,256,256,0,18.58,0,18.58,7/8/2024 9:47,7/15/2024 9:42
685,HIMX,Buy,Market,1015,1015,0,8.04,0,0,7/8/2024 9:53,7/8/2024 9:54
688,EWTX,Buy,Market,414,414,0,19.9,0,0,7/8/2024 9:58,7/8/2024 9:59
691,CAVA,Buy,Market,84,84,0,97.92,0,0,7/8/2024 11:21,7/8/2024 11:22
694,CLS,Buy,Market,137,137,0,59.94,0,0,7/8/2024 11:22,7/8/2024 11:23
692,CAVA,Sell,Stop,84,84,0,94.23,94.23,0,7/8/2024 11:22,7/8/2024 15:01
695,CLS,Sell,Stop,137,137,0,57.78,57.78,0,7/8/2024 11:23,7/17/2024 10:12
697,CVNA,Sell,Market,35,35,0,122.53,0,0,7/9/2024 9:31,7/9/2024 9:32
698,WGS,Buy,Market,280,280,0,29.79,0,0,7/9/2024 13:11,7/9/2024 13:16
701,CDNA,Sell,Market,538,538,0,14.78,0,0,7/10/2024 9:31,7/10/2024 9:32
702,CVNA,Buy,Market,62,62,0,134.01,0,0,7/10/2024 9:37,7/10/2024 9:38
703,TWST,Buy,Market,162,162,0,51.92,0,0,7/10/2024 9:37,7/10/2024 9:38
707,TWST,Sell,Limit,81,81,0,59.53,0,59.53,7/10/2024 9:38,7/17/2024 9:58
708,CRDO,Sell,Market,265,265,0,31.36,0,0,7/11/2024 9:31,7/11/2024 9:32
709,USM,Sell,Market,147,147,0,56.02,0,0,7/11/2024 9:31,7/11/2024 9:34
710,AOSL,Buy,Market,214,214,0,39.29,0,0,7/11/2024 9:34,7/11/2024 9:35
712,AOSL,Sell,Limit,107,107,0,44.72,0,44.72,7/11/2024 9:35,7/15/2024 11:12
713,CRBP,Buy,Market,158,158,0,52.52,0,0,7/11/2024 10:20,7/11/2024 10:21
716,MOD,Buy,Market,77,77,0,109,0,0,7/11/2024 10:31,7/11/2024 10:32
717,NRIX,Buy,Market,383,383,0,21.97,0,0,7/11/2024 10:31,7/11/2024 10:32
722,BCRX,Buy,Market,1237,1237,0,6.85,0,0,7/11/2024 10:38,7/11/2024 10:39
724,BCRX,Sell,Limit,618,618,0,7.69,0,7.69,7/11/2024 10:39,7/25/2024 11:54
725,DAKT,Buy,Market,608,608,0,13.96,0,0,7/11/2024 10:57,7/11/2024 10:58
728,MMYT,Sell,Market,92,92,0,86.58,0,0,7/12/2024 9:31,7/12/2024 9:32
729,ASTS,Buy,Market,693,693,0,12.53,0,0,7/12/2024 10:40,7/12/2024 10:41
732,FIP,Sell,Market,883,883,0,9.16,0,0,7/15/2024 9:31,7/15/2024 9:33
733,CDNA,Buy,Market,550,550,0,16.6,0,0,7/16/2024 9:33,7/16/2024 9:34
735,CDNA,Sell,Limit,275,275,0,19.68,0,19.68,7/16/2024 9:34,7/31/2024 14:19
736,ARLO,Buy,Market,523,523,0,17.44,0,0,7/16/2024 9:35,7/16/2024 9:36
737,ARLO,Sell,Stop,523,523,0,16.56,16.56,0,7/16/2024 9:36,7/17/2024 9:31
739,MOD,Sell,Market,77,77,0,108,0,0,7/18/2024 9:31,7/18/2024 9:32
740,ARQT,Sell,Market,809,809,0,10.3,0,0,7/18/2024 9:31,7/18/2024 9:32
741,HIMX,Sell,Market,1015,1015,0,7.78,0,0,7/18/2024 9:31,7/18/2024 9:32
742,RGS,Buy,Market,391,391,0,22.67,0,0,7/18/2024 9:58,7/18/2024 9:59
744,RGS,Sell,Limit,196,196,0,28.35,0,28.31,7/18/2024 9:59,7/19/2024 14:54
745,CVNA,Sell,Market,62,62,0,129.7,0,0,7/19/2024 9:31,7/19/2024 9:32
746,GDS,Sell,Market,413,413,0,11.49,0,0,7/19/2024 9:31,7/19/2024 9:32
747,AMSC,Sell,Market,155,155,0,25.72,0,0,7/19/2024 9:31,7/19/2024 9:32
748,ASTS,Sell,Market,693,693,0,12.3,0,0,7/19/2024 9:31,7/19/2024 9:32
750,ENVX,Sell,Market,278,278,0,15.85,0,0,7/19/2024 9:31,7/19/2024 9:32
751,EWTX,Sell,Market,414,414,0,21.29,0,0,7/19/2024 9:31,7/19/2024 9:32
752,MIRM,Sell,Market,116,116,0,37.44,0,0,7/19/2024 9:31,7/19/2024 9:32
753,NRIX,Sell,Market,383,383,0,21.37,0,0,7/19/2024 9:31,7/19/2024 9:32
754,SMR,Sell,Market,328,328,0,12.58,0,0,7/19/2024 9:31,7/19/2024 9:32
749,CRBP,Sell,Market,158,158,0,53.35,0,0,7/19/2024 9:31,7/19/2024 9:33
755,KOSS,Buy,Market,767,767,0,11.19,0,0,7/19/2024 11:51,7/19/2024 11:52
756,KOSS,Sell,Stop,767,767,0,8.82,8.82,0,7/19/2024 11:52,7/19/2024 15:00
758,INOD,Sell,Market,256,256,0,18.19,0,0,7/22/2024 9:31,7/22/2024 9:32
759,WGS,Sell,Market,280,280,0,31.87,0,0,7/22/2024 9:31,7/22/2024 9:32
760,JMIA,Buy,Market,642,642,0,13.37,0,0,7/22/2024 11:14,7/22/2024 11:15
761,JMIA,Sell,Stop,642,642,0,12.01,12.01,0,7/22/2024 11:15,7/24/2024 14:41
763,APEI,Buy,Market,441,441,0,19.82,0,0,7/24/2024 10:49,7/24/2024 10:50
766,AOSL,Sell,Market,107,107,0,43.34,0,0,7/25/2024 9:31,7/25/2024 9:32
767,ASTS,Buy,Market,603,603,0,14.5,0,0,7/25/2024 9:52,7/25/2024 9:53
769,ASTS,Sell,Limit,302,302,0,18.15,0,18.15,7/25/2024 9:53,7/26/2024 9:39
770,CDMO,Buy,Market,891,891,0,9.91,0,0,7/25/2024 12:16,7/25/2024 12:17
773,NVAX,Buy,Market,530,530,0,16.68,0,0,7/25/2024 12:21,7/25/2024 12:22
774,NVAX,Sell,Stop,530,530,0,14.36,15.03,0,7/25/2024 12:22,7/30/2024 9:31
776,HUMA,Buy,Market,1041,1041,0,8.62,0,0,7/26/2024 9:38,7/26/2024 9:39
777,HUMA,Sell,Stop,1041,1041,0,7.8,7.81,0,7/26/2024 9:39,7/29/2024 9:33
780,DAKT,Sell,Market,608,608,0,14.7,0,0,7/30/2024 9:31,7/30/2024 9:33
779,APEI,Sell,Market,441,441,0,19.92,0,0,7/30/2024 9:31,7/30/2024 9:35
781,BCRX,Sell,Market,619,619,0,7.45,0,0,7/31/2024 9:31,7/31/2024 9:32
782,EBS,Sell,Market,560,560,0,12.11,0,0,7/31/2024 9:31,7/31/2024 9:32
783,RGS,Sell,Market,195,195,0,25.27,0,0,7/31/2024 9:31,7/31/2024 9:32
784,TWST,Sell,Market,81,81,0,56.7,0,0,7/31/2024 9:31,7/31/2024 9:32
785,HUMA,Buy,Market,1007,1007,0,8.59,0,0,7/31/2024 9:48,7/31/2024 9:49
786,HUMA,Sell,Stop,1007,1007,0,7.38,7.83,0,7/31/2024 9:49,8/5/2024 9:31
788,KYMR,Buy,Market,192,192,0,45.34,0,0,7/31/2024 12:53,7/31/2024 12:54
789,KYMR,Sell,Stop,192,192,0,41.53,42.52,0,7/31/2024 12:54,8/2/2024 9:31
791,ZETA,Buy,Market,358,358,0,24.47,0,0,8/1/2024 9:34,8/1/2024 9:35
792,ZETA,Sell,Stop,358,358,0,23.29,23.29,0,8/1/2024 9:35,8/1/2024 12:48
794,ZETA,Buy,Market,371,371,0,23.55,0,0,8/1/2024 12:53,8/1/2024 12:54
795,ZETA,Sell,Stop,371,371,0,22.33,22.41,0,8/1/2024 12:54,8/2/2024 9:31
797,CDMO,Sell,Market,891,891,0,10.42,0,0,8/8/2024 9:31,8/8/2024 9:32
798,CDMO,Buy,Market,793,793,0,10.95,0,0,8/9/2024 11:05,8/9/2024 11:06
799,CDMO,Sell,Stop,793,793,0,10.28,10.28,0,8/9/2024 11:06,8/14/2024 12:25
801,ASTS,Sell,Market,301,301,0,19.93,0,0,8/13/2024 9:31,8/13/2024 9:32
802,CVNA,Buy,Market,61,61,0,141.33,0,0,8/13/2024 9:39,8/13/2024 9:40
805,OMCL,Buy,Market,209,209,0,41.41,0,0,8/13/2024 10:56,8/13/2024 10:57
808,RKT,Buy,Market,466,466,0,18.55,0,0,8/13/2024 10:58,8/13/2024 10:59
811,ASTS,Buy,Market,379,379,0,22.85,0,0,8/15/2024 9:35,8/15/2024 9:36
813,ASTS,Sell,Limit,190,190,0,30.69,0,30.69,8/15/2024 9:36,8/15/2024 12:59
814,REAX,Buy,Market,1426,1426,0,6.07,0,0,8/15/2024 9:56,8/15/2024 9:57
817,RVLV,Buy,Market,367,367,0,23.88,0,0,8/15/2024 11:03,8/15/2024 11:04
820,PTGX,Buy,Market,214,214,0,41.35,0,0,8/16/2024 12:02,8/16/2024 12:03
823,TGTX,Buy,Market,405,405,0,21.94,0,0,8/16/2024 12:18,8/16/2024 12:19
826,WIX,Buy,Market,54,54,0,164.92,0,0,8/16/2024 15:20,8/16/2024 15:21
829,OCUL,Buy,Market,1069,1069,0,8.46,0,0,8/19/2024 9:56,8/19/2024 9:57
832,CYH,Buy,Market,1770,1770,0,5.13,0,0,8/19/2024 10:12,8/19/2024 10:13
835,NRIX,Buy,Market,399,399,0,22.8,0,0,8/19/2024 11:53,8/19/2024 11:54
838,AGIO,Buy,Market,197,197,0,45.92,0,0,8/21/2024 11:28,8/21/2024 11:29
839,AGIO,Sell,Stop,197,197,0,44.26,44.26,0,8/21/2024 11:29,8/28/2024 11:33
841,CYH,Sell,Market,1770,1770,0,4.98,0,0,8/22/2024 9:31,8/22/2024 9:32
842,TBBK,Buy,Market,179,179,0,50.95,0,0,8/22/2024 9:40,8/22/2024 9:41
843,TBBK,Sell,Stop,179,179,0,49.41,49.41,0,8/22/2024 9:41,8/22/2024 15:54
845,YOU,Buy,Market,317,317,0,28.56,0,0,8/22/2024 10:24,8/22/2024 10:25
848,REAX,Sell,Market,1426,1426,0,6.13,0,0,8/23/2024 9:31,8/23/2024 9:32
849,LUMN,Buy,Market,1377,1377,0,6.57,0,0,8/23/2024 9:41,8/23/2024 9:42
850,LUMN,Sell,Stop,1377,1377,0,5.7,5.75,0,8/23/2024 9:42,8/27/2024 9:31
852,LTH,Buy,Market,370,370,0,24.38,0,0,8/23/2024 10:02,8/23/2024 10:03
855,CYH,Buy,Market,1792,1792,0,5.07,0,0,8/23/2024 10:12,8/23/2024 10:13
857,CYH,Sell,Limit,896,896,0,5.74,0,5.74,8/23/2024 10:13,9/6/2024 14:46
858,KNSA,Buy,Market,339,339,0,26.7,0,0,8/23/2024 10:15,8/23/2024 10:17
861,MIRM,Buy,Market,216,216,0,42.26,0,0,8/26/2024 10:16,8/26/2024 10:17
864,TGTX,Sell,Market,405,405,0,23.1,0,0,8/28/2024 9:31,8/28/2024 9:32
865,ASTS,Sell,Market,189,189,0,30.16,0,0,8/28/2024 9:31,8/28/2024 9:32
866,RVLV,Sell,Market,367,367,0,23.16,0,0,8/28/2024 9:31,8/28/2024 9:32
867,CHWY,Buy,Market,320,320,0,28.1,0,0,8/28/2024 9:39,8/28/2024 9:40
868,CHWY,Sell,Stop,320,320,0,26.91,26.91,0,8/28/2024 9:40,9/4/2024 15:47
870,CDNA,Sell,Market,275,275,0,30.42,0,0,8/29/2024 9:31,8/29/2024 9:32
871,CVNA,Sell,Market,61,61,0,156,0,0,8/29/2024 9:31,8/29/2024 9:32
874,LTH,Sell,Market,370,370,0,23.98,0,0,8/29/2024 9:31,8/29/2024 9:32
875,RKT,Sell,Market,466,466,0,19.86,0,0,8/29/2024 9:31,8/29/2024 9:32
872,WIX,Sell,Market,54,54,0,165.12,0,0,8/29/2024 9:31,8/29/2024 9:33
873,KNSA,Sell,Market,339,339,0,26.4,0,0,8/29/2024 9:31,8/29/2024 9:35
877,OCUL,Sell,Market,1069,1069,0,8.69,0,0,8/30/2024 9:31,8/30/2024 9:32
876,MIRM,Sell,Market,216,216,0,42.65,0,0,8/30/2024 9:31,8/30/2024 9:34
878,ANAB,Buy,Market,234,234,0,38.34,0,0,9/3/2024 9:49,9/3/2024 9:51
879,ANAB,Sell,Stop,234,234,0,36.6,36.62,0,9/3/2024 9:51,9/3/2024 15:28
882,PTGX,Sell,Market,214,214,0,41.11,0,0,9/4/2024 9:31,9/4/2024 9:32
881,OMCL,Sell,Market,209,209,0,43.97,0,0,9/4/2024 9:31,9/4/2024 9:40
883,NRIX,Sell,Market,399,399,0,24.49,0,0,9/6/2024 9:31,9/6/2024 9:32
884,YOU,Sell,Market,317,317,0,29.15,0,0,9/6/2024 9:31,9/6/2024 9:32
885,BVS,Buy,Market,882,882,0,10.09,0,0,9/9/2024 10:07,9/9/2024 10:08
887,BVS,Sell,Limit,441,441,0,11.45,0,11.45,9/9/2024 10:08,9/16/2024 9:31
888,CYH,Sell,Market,896,896,0,5.34,0,0,9/11/2024 9:31,9/11/2024 9:32
889,APP,Buy,Market,95,95,0,92.82,0,0,9/11/2024 12:06,9/11/2024 12:07
891,APP,Sell,Limit,48,48,0,105.22,0,105.22,9/11/2024 12:07,9/12/2024 13:29
893,CSTL,Buy,Market,293,293,0,30.3,0,0,9/11/2024 13:48,9/11/2024 13:49
892,BMA,Buy,Market,136,136,0,65.03,0,0,9/11/2024 13:48,9/11/2024 13:50
897,BMA,Sell,Limit,68,68,0,75.77,0,75.77,9/11/2024 13:50,9/19/2024 13:30
898,ONON,Buy,Market,192,192,0,46.3,0,0,9/11/2024 15:41,9/11/2024 15:42
901,NEON,Buy,Market,1056,1056,0,8.48,0,0,9/12/2024 9:38,9/12/2024 9:39
903,NEON,Sell,Limit,528,528,0,11.09,0,11.09,9/12/2024 9:39,9/17/2024 10:27
904,ANAB,Buy,Market,239,239,0,37.56,0,0,9/12/2024 14:09,9/12/2024 14:10
907,SATS,Buy,Market,391,391,0,23.14,0,0,9/13/2024 11:26,9/13/2024 11:27
909,SATS,Sell,Limit,196,196,0,27.22,0,27.22,9/13/2024 11:27,9/27/2024 9:32
910,TVTX,Buy,Market,685,685,0,13.2,0,0,9/13/2024 14:35,9/13/2024 14:36
913,KYMR,Buy,Market,192,192,0,47.73,0,0,9/16/2024 10:02,9/16/2024 10:03
916,TGTX,Buy,Market,376,376,0,24.48,0,0,9/16/2024 11:43,9/16/2024 11:44
919,NOVA,Buy,Market,781,781,0,11.84,0,0,9/16/2024 12:59,9/16/2024 13:00
920,NOVA,Sell,Stop,781,781,0,10.94,10.94,0,9/16/2024 13:00,9/20/2024 11:34
922,CRGX,Buy,Market,400,400,0,23.35,0,0,9/17/2024 10:09,9/17/2024 10:10
923,CRGX,Sell,Stop,400,400,0,21.68,21.69,0,9/17/2024 10:10,9/23/2024 11:21
925,SAVA,Buy,Market,311,311,0,30.18,0,0,9/17/2024 13:59,9/17/2024 14:00
926,SAVA,Sell,Stop,311,311,0,28.09,28.09,0,9/17/2024 14:00,9/23/2024 10:08
928,SMTC,Buy,Market,220,220,0,42.66,0,0,9/17/2024 15:53,9/17/2024 15:54
930,SMTC,Sell,Limit,110,110,0,49.2,0,48.73,9/17/2024 15:54,9/26/2024 9:31
931,SPRY,Buy,Market,704,704,0,13.54,0,0,9/18/2024 9:46,9/18/2024 9:47
934,HRTG,Buy,Market,592,592,0,16.05,0,0,9/18/2024 11:01,9/18/2024 11:02
935,HRTG,Sell,Stop,592,592,0,15.21,15.21,0,9/18/2024 11:02,9/23/2024 10:40
937,APLD,Buy,Market,1449,1449,0,6.5,0,0,9/18/2024 12:46,9/18/2024 12:47
938,APLD,Sell,Stop,1449,1449,0,5.52,5.52,0,9/18/2024 12:47,9/20/2024 9:33
940,IOT,Buy,Market,199,199,0,47.96,0,0,9/18/2024 14:25,9/18/2024 14:26
943,HROW,Buy,Market,208,208,0,46.15,0,0,9/18/2024 14:33,9/18/2024 14:34
944,HROW,Sell,Stop,208,208,0,44.01,44.01,0,9/18/2024 14:34,9/23/2024 12:32
946,ANAB,Sell,Market,239,239,0,37.7,0,0,9/19/2024 9:31,9/19/2024 9:32
947,PSNL,Buy,Market,1551,1551,0,6.13,0,0,9/19/2024 10:01,9/19/2024 10:02
948,PSNL,Sell,Stop,1551,1551,0,5.58,5.58,0,9/19/2024 10:02,9/20/2024 11:17
950,AUR,Buy,Market,1838,1838,0,5.16,0,0,9/19/2024 13:42,9/19/2024 13:43
953,GDS,Buy,Market,503,503,0,18.83,0,0,9/19/2024 13:43,9/19/2024 13:44
952,AUR,Sell,Limit,919,919,0,6.34,0,6.34,9/19/2024 13:43,9/24/2024 15:58
955,GDS,Sell,Limit,252,252,0,21.99,0,21.76,9/19/2024 13:44,9/24/2024 9:31
956,RKLB,Buy,Market,1242,1242,0,7.56,0,0,9/20/2024 9:50,9/20/2024 9:51
958,RKLB,Sell,Limit,621,621,0,8.95,0,8.95,9/20/2024 9:51,9/26/2024 9:38
959,TGTX,Sell,Market,376,376,0,23.32,0,0,9/24/2024 9:31,9/24/2024 9:32
960,CSTL,Sell,Market,293,293,0,30,0,0,9/24/2024 9:31,9/24/2024 9:41
961,AAOI,Buy,Market,616,616,0,15.15,0,0,9/24/2024 9:38,9/24/2024 9:39
962,AAOI,Sell,Stop,616,616,0,14.02,14.02,0,9/24/2024 9:39,9/27/2024 11:18
964,BMA,Sell,Market,68,68,0,69.21,0,0,9/25/2024 9:31,9/25/2024 9:33
965,APLT,Buy,Market,1120,1120,0,8.44,0,0,9/25/2024 9:40,9/25/2024 9:41
968,UPST,Buy,Market,232,232,0,40.85,0,0,9/25/2024 10:21,9/25/2024 10:22
969,UPST,Sell,Stop,232,232,0,37.83,37.83,0,9/25/2024 10:22,10/1/2024 13:31
971,BVS,Sell,Market,441,441,0,11.65,0,0,9/27/2024 9:31,9/27/2024 9:32
972,NEON,Sell,Market,528,528,0,10,0,0,9/27/2024 9:31,9/27/2024 9:32
973,IOT,Sell,Market,199,199,0,47.73,0,0,9/30/2024 9:31,9/30/2024 9:32
975,TVTX,Sell,Market,685,685,0,14.04,0,0,9/30/2024 9:31,9/30/2024 9:32
974,KYMR,Sell,Market,192,192,0,48.13,0,0,9/30/2024 9:31,9/30/2024 9:34
976,POWL,Buy,Market,41,41,0,225.68,0,0,9/30/2024 9:53,9/30/2024 9:54
978,POWL,Sell,Limit,20,20,0,260.43,0,260.43,9/30/2024 9:54,10/9/2024 11:56
979,ONON,Sell,Market,192,192,0,49.71,0,0,10/1/2024 9:31,10/1/2024 9:32
980,SATS,Sell,Market,195,195,0,24.21,0,0,10/1/2024 9:31,10/1/2024 9:32
981,SMTC,Sell,Market,110,110,0,45.21,0,0,10/1/2024 9:31,10/1/2024 9:33
982,VST,Buy,Market,76,76,0,122.14,0,0,10/1/2024 14:06,10/1/2024 14:07
984,VST,Sell,Limit,38,38,0,142.42,0,142.42,10/1/2024 14:07,10/7/2024 9:31
985,AUR,Sell,Market,919,919,0,5.47,0,0,10/2/2024 9:31,10/2/2024 9:32
986,CDNA,Buy,Market,290,290,0,32.12,0,0,10/2/2024 10:06,10/2/2024 10:07
987,CDNA,Sell,Stop,290,290,0,30.1,30.1,0,10/2/2024 10:07,10/2/2024 13:31
989,HROW,Buy,Market,192,192,0,48.55,0,0,10/3/2024 9:34,10/3/2024 9:35
991,HROW,Sell,Limit,96,96,0,55.72,0,55.72,10/3/2024 9:35,10/16/2024 15:43
992,CEG,Buy,Market,34,34,0,272.98,0,0,10/3/2024 9:36,10/3/2024 9:37
993,CEG,Sell,Stop,34,34,0,259.85,259.85,0,10/3/2024 9:37,10/9/2024 13:49
995,APLT,Sell,Market,1120,1120,0,8.05,0,0,10/4/2024 9:31,10/4/2024 9:32
996,SPRY,Sell,Market,704,704,0,14.17,0,0,10/4/2024 9:31,10/4/2024 9:32
997,BNTX,Buy,Market,76,76,0,121.82,0,0,10/4/2024 9:33,10/4/2024 9:34
998,BYRN,Buy,Market,514,514,0,18.01,0,0,10/4/2024 9:33,10/4/2024 9:34
999,BNTX,Sell,Stop,76,76,0,118.34,118.34,0,10/4/2024 9:34,10/9/2024 9:31
1001,BYRN,Sell,Stop,514,514,0,15.9,16.62,0,10/4/2024 9:34,10/9/2024 9:31
1003,EWTX,Buy,Market,334,334,0,28.07,0,0,10/4/2024 10:15,10/4/2024 10:16
1005,EWTX,Sell,Limit,167,167,0,32.87,0,32.87,10/4/2024 10:16,10/14/2024 9:38
1006,MSTR,Buy,Market,53,53,0,176.25,0,0,10/4/2024 15:58,10/4/2024 15:59
1008,MSTR,Sell,Limit,26,26,0,206.62,0,206.62,10/4/2024 15:59,10/11/2024 12:25
1009,UPST,Buy,Market,223,223,0,42.53,0,0,10/8/2024 11:01,10/8/2024 11:02
1011,UPST,Sell,Limit,112,112,0,50.79,0,50.79,10/8/2024 11:02,10/14/2024 9:38
1012,GDS,Sell,Market,251,251,0,19.93,0,0,10/9/2024 9:31,10/9/2024 9:32
1013,TVTX,Buy,Market,575,575,0,16.43,0,0,10/9/2024 9:33,10/9/2024 9:34
1016,RKLB,Sell,Market,621,621,0,9.43,0,0,10/10/2024 9:31,10/10/2024 9:32
1017,VST,Sell,Market,38,38,0,124.19,0,0,10/10/2024 9:31,10/10/2024 9:32
1018,COMM,Buy,Market,1445,1445,0,6.52,0,0,10/11/2024 9:39,10/11/2024 9:40
1019,COMM,Sell,Stop,1445,1445,0,6.11,6.11,0,10/11/2024 9:40,10/11/2024 11:01
1021,PCT,Buy,Market,987,987,0,9.73,0,0,10/15/2024 12:39,10/15/2024 12:40
1023,PCT,Sell,Limit,494,494,0,11.45,0,11.45,10/15/2024 12:40,10/23/2024 9:54
1024,AUR,Buy,Market,1594,1594,0,6,0,0,10/15/2024 13:08,10/15/2024 13:09
1025,AUR,Sell,Stop,1594,1594,0,5.55,5.55,0,10/15/2024 13:09,10/31/2024 9:31
1027,RKLB,Buy,Market,923,923,0,10.38,0,0,10/16/2024 9:41,10/16/2024 9:42
1030,UNFI,Buy,Market,456,456,0,21.25,0,0,10/16/2024 14:08,10/16/2024 14:10
1033,APP,Sell,Market,47,47,0,143,0,0,10/18/2024 9:31,10/18/2024 9:32
1034,UXIN,Buy,Market,1473,1473,0,6.59,0,0,10/18/2024 9:53,10/18/2024 9:54
1035,UXIN,Sell,Stop,1473,1473,0,5.62,5.62,0,10/18/2024 9:54,10/21/2024 9:33
1037,BHVN,Buy,Market,179,179,0,54.12,0,0,10/21/2024 9:53,10/21/2024 9:54
1038,BHVN,Sell,Stop,179,179,0,51.47,51.47,0,10/21/2024 9:54,10/21/2024 11:50
1040,EBS,Buy,Market,993,993,0,9.68,0,0,10/21/2024 11:05,10/21/2024 11:06
1041,EBS,Sell,Stop,993,993,0,9.08,9.08,0,10/21/2024 11:06,10/23/2024 9:31
1043,UNFI,Sell,Market,456,456,0,20.52,0,0,10/22/2024 9:31,10/22/2024 9:32
1044,POWL,Sell,Market,21,21,0,261.86,0,0,10/23/2024 9:31,10/23/2024 9:32
1045,UPST,Sell,Market,111,111,0,51.7,0,0,10/24/2024 9:31,10/24/2024 9:32
1046,BHVN,Buy,Market,177,177,0,54.5,0,0,10/24/2024 9:35,10/24/2024 9:36
1047,BHVN,Sell,Stop,177,177,0,52.11,52.2,0,10/24/2024 9:36,10/24/2024 11:43
1049,ASTS,Buy,Market,325,325,0,29.84,0,0,10/24/2024 10:02,10/24/2024 10:03
1050,ASTS,Sell,Stop,325,325,0,27.38,27.38,0,10/24/2024 10:03,10/24/2024 11:04
1052,GGAL,Buy,Market,190,190,0,51.09,0,0,10/24/2024 10:11,10/24/2024 10:12
1055,HROW,Sell,Market,96,96,0,53.98,0,0,10/25/2024 9:31,10/25/2024 9:32
1056,TVTX,Sell,Market,575,575,0,17.82,0,0,10/28/2024 9:31,10/28/2024 9:32
1057,WULF,Buy,Market,1388,1388,0,7.02,0,0,10/28/2024 9:34,10/28/2024 9:35
1058,WULF,Sell,Stop,1388,1388,0,6.32,6.32,0,10/28/2024 9:35,10/31/2024 10:39
1060,SMR,Buy,Market,492,492,0,19.79,0,0,10/28/2024 9:41,10/28/2024 9:42
1063,CRDO,Buy,Market,243,243,0,40.38,0,0,10/28/2024 15:32,10/28/2024 15:33
1064,CRDO,Sell,Stop,243,243,0,38.34,38.34,0,10/28/2024 15:33,10/31/2024 9:32
1066,EWTX,Sell,Market,167,167,0,33.86,0,0,10/29/2024 9:31,10/29/2024 9:32
1067,SMTC,Buy,Market,210,210,0,46.8,0,0,10/29/2024 12:05,10/29/2024 12:06
1068,SMTC,Sell,Stop,210,210,0,44.69,44.69,0,10/29/2024 12:06,10/31/2024 9:59
1070,CAPR,Buy,Market,429,429,0,22.82,0,0,10/30/2024 10:25,10/30/2024 10:26
1071,CAPR,Sell,Stop,429,429,0,20.72,20.72,0,10/30/2024 10:26,10/31/2024 10:43
1073,RKLB,Sell,Market,923,923,0,10.85,0,0,10/31/2024 9:31,10/31/2024 9:32
1074,TRUP,Buy,Market,168,168,0,56.45,0,0,10/31/2024 9:33,10/31/2024 9:34
1075,TRUP,Sell,Stop,168,168,0,54.43,54.48,0,10/31/2024 9:34,11/1/2024 13:34
1077,VSCO,Buy,Market,314,314,0,29.96,0,0,10/31/2024 11:08,10/31/2024 11:09
1079,VSCO,Sell,Limit,157,157,0,33.74,0,33.74,10/31/2024 11:09,11/7/2024 9:38
1080,SMR,Sell,Market,492,492,0,19.75,0,0,11/1/2024 9:31,11/1/2024 9:32
1081,POWL,Buy,Market,35,35,0,267.5,0,0,11/1/2024 9:40,11/1/2024 9:41
1083,POWL,Sell,Limit,18,18,0,320.72,0,300.97,11/1/2024 9:41,11/6/2024 9:31
1084,CLS,Buy,Market,133,133,0,70.86,0,0,11/1/2024 12:08,11/1/2024 12:09
1086,CLS,Sell,Limit,66,66,0,78.96,0,78.64,11/1/2024 12:09,11/6/2024 9:31
1087,GGAL,Sell,Market,190,190,0,51.7,0,0,11/4/2024 9:31,11/4/2024 9:32
1088,MSTR,Sell,Market,27,27,0,225.8,0,0,11/4/2024 9:31,11/4/2024 9:32
1089,PCT,Sell,Market,493,493,0,12.65,0,0,11/4/2024 9:31,11/4/2024 9:32
1090,XPEV,Buy,Market,753,753,0,12.53,0,0,11/4/2024 9:34,11/4/2024 9:35
1091,XPEV,Sell,Stop,753,753,0,11.86,11.86,0,11/4/2024 9:35,11/6/2024 9:34
1093,DRUG,Buy,Market,173,173,0,53.53,0,0,11/4/2024 10:49,11/4/2024 10:50
1096,ALGT,Buy,Market,142,142,0,65.98,0,0,11/4/2024 15:25,11/4/2024 15:26
1098,ALGT,Sell,Limit,71,71,0,76.49,0,76.32,11/4/2024 15:26,11/13/2024 9:34
1099,CRDO,Buy,Market,222,222,0,42.58,0,0,11/5/2024 9:33,11/5/2024 9:34
1101,CRDO,Sell,Limit,111,111,0,48.52,0,48.52,11/5/2024 9:34,11/11/2024 9:31
1102,RKLB,Buy,Market,809,809,0,11.7,0,0,11/5/2024 9:36,11/5/2024 9:37
1104,RKLB,Sell,Limit,404,404,0,13.63,0,13.63,11/5/2024 9:37,11/7/2024 9:38
1105,INOD,Buy,Market,430,430,0,21.95,0,0,11/5/2024 9:43,11/5/2024 9:44
1107,INOD,Sell,Limit,215,215,0,30,0,25.64,11/5/2024 9:44,11/8/2024 9:31
1108,SOFI,Buy,Market,834,834,0,11.36,0,0,11/5/2024 9:49,11/5/2024 9:50
1111,AFRM,Buy,Market,209,209,0,45.27,0,0,11/5/2024 9:50,11/5/2024 9:51
1110,SOFI,Sell,Limit,417,417,0,13.61,0,13.07,11/5/2024 9:50,11/11/2024 9:31
1112,AFRM,Sell,Stop,209,209,0,42.93,42.93,0,11/5/2024 9:51,11/8/2024 11:34
1114,HUT,Buy,Market,496,496,0,19.64,0,0,11/6/2024 9:34,11/6/2024 9:35
1117,MIR,Buy,Market,621,621,0,15.74,0,0,11/6/2024 9:35,11/6/2024 9:37
1116,HUT,Sell,Limit,248,248,0,25.31,0,25.31,11/6/2024 9:35,11/11/2024 14:03
1118,MIR,Sell,Stop,621,621,0,15.08,15.08,0,11/6/2024 9:37,11/11/2024 15:41
1120,WULF,Buy,Market,1336,1336,0,7.32,0,0,11/6/2024 9:38,11/6/2024 9:39
1123,BBAR,Buy,Market,669,669,0,14.58,0,0,11/6/2024 11:02,11/6/2024 11:03
1125,BBAR,Sell,Limit,334,334,0,16.98,0,16.98,11/6/2024 11:03,11/18/2024 10:18
1126,SUPV,Buy,Market,1031,1031,0,9.48,0,0,11/6/2024 11:57,11/6/2024 11:58
1128,SUPV,Sell,Limit,516,516,0,10.97,0,10.97,11/6/2024 11:58,11/18/2024 10:03
1129,SMR,Buy,Market,478,478,0,20.48,0,0,11/6/2024 12:14,11/6/2024 12:15
1131,SMR,Sell,Limit,239,239,0,26.42,0,26.42,11/6/2024 12:15,11/12/2024 9:39
1132,UPST,Buy,Market,182,182,0,54.14,0,0,11/6/2024 15:22,11/6/2024 15:23
1134,UPST,Sell,Limit,91,91,0,65.27,0,64.13,11/6/2024 15:23,11/8/2024 9:31
1135,LUNR,Buy,Market,1158,1158,0,8.58,0,0,11/7/2024 9:33,11/7/2024 9:34
1137,LUNR,Sell,Limit,579,579,0,10.35,0,10.28,11/7/2024 9:34,11/11/2024 9:31
1138,XPEV,Buy,Market,726,726,0,13.63,0,0,11/7/2024 9:38,11/7/2024 9:39
1141,GDS,Buy,Market,433,433,0,22.96,0,0,11/7/2024 9:39,11/7/2024 9:40
1139,XPEV,Sell,Stop,726,726,0,12.9,12.9,0,11/7/2024 9:39,11/14/2024 9:32
1144,DRUG,Sell,Market,173,173,0,48.73,0,0,11/8/2024 9:31,11/8/2024 9:32
1145,ADMA,Buy,Market,486,486,0,21.02,0,0,11/8/2024 9:33,11/8/2024 9:34
1148,PRCT,Buy,Market,106,106,0,102.61,0,0,11/11/2024 9:33,11/11/2024 9:34
1149,PRCT,Sell,Stop,106,106,0,95.87,95.87,0,11/11/2024 9:34,11/11/2024 15:01
1151,AFRM,Buy,Market,207,207,0,51.91,0,0,11/11/2024 10:14,11/11/2024 10:15
1153,AFRM,Sell,Limit,104,104,0,61.61,0,61.61,11/11/2024 10:15,11/18/2024 10:49
1154,RELY,Buy,Market,551,551,0,20.1,0,0,11/13/2024 9:44,11/13/2024 9:45
1157,WULF,Sell,Market,1336,1336,0,7.5,0,0,11/14/2024 9:31,11/14/2024 9:32
1158,GDS,Sell,Market,433,433,0,22.4,0,0,11/15/2024 9:31,11/15/2024 9:32
1159,ADMA,Sell,Market,486,486,0,20.24,0,0,11/15/2024 9:31,11/15/2024 9:32
1160,CRDO,Sell,Market,111,111,0,41,0,0,11/15/2024 9:31,11/15/2024 9:32
1161,POWL,Sell,Market,17,17,0,298.11,0,0,11/15/2024 9:31,11/15/2024 9:32
1162,MNMD,Buy,Market,1075,1075,0,9.85,0,0,11/15/2024 9:33,11/15/2024 9:34
1163,MNMD,Sell,Stop,1075,1075,0,8.98,8.98,0,11/15/2024 9:34,11/15/2024 9:42
1165,RDW,Buy,Market,993,993,0,10.86,0,0,11/18/2024 9:37,11/18/2024 9:38
1167,RDW,Sell,Limit,496,496,0,13.58,0,13.58,11/18/2024 9:38,11/22/2024 12:43
1168,LMND,Buy,Market,304,304,0,35.53,0,0,11/19/2024 9:33,11/19/2024 9:34
1170,LMND,Sell,Limit,152,152,0,44.45,0,44.45,11/19/2024 9:34,11/20/2024 9:33
1171,BYRN,Buy,Market,542,542,0,19.96,0,0,11/19/2024 9:38,11/19/2024 9:39
1172,BYRN,Sell,Stop,542,542,0,18.66,18.66,0,11/19/2024 9:39,11/20/2024 9:54
1174,RDDT,Buy,Market,82,82,0,135.15,0,0,11/19/2024 12:44,11/19/2024 12:45
1177,ALGT,Sell,Market,71,71,0,70.26,0,0,11/20/2024 9:31,11/20/2024 9:32
1178,AAOI,Buy,Market,361,361,0,30.89,0,0,11/20/2024 9:33,11/20/2024 9:34
1180,AAOI,Sell,Limit,180,180,0,41.43,0,41.43,11/20/2024 9:34,11/29/2024 10:03
1181,XMTR,Buy,Market,367,367,0,30.88,0,0,11/21/2024 11:21,11/21/2024 11:22
1184,WWW,Buy,Market,500,500,0,22.89,0,0,11/21/2024 12:07,11/21/2024 12:08
1187,HUT,Sell,Market,248,248,0,22.95,0,0,11/22/2024 9:31,11/22/2024 9:32
1188,VSCO,Sell,Market,157,157,0,36.08,0,0,11/22/2024 9:31,11/22/2024 9:32
1189,CXW,Buy,Market,503,503,0,22.66,0,0,11/22/2024 9:33,11/22/2024 9:34
1190,CXW,Sell,Stop,503,503,0,21.37,21.37,0,11/22/2024 9:34,12/2/2024 9:44
1192,TSL,Buy,Market,753,753,0,15.23,0,0,11/22/2024 10:40,11/22/2024 10:41
1193,TSL,Sell,Stop,753,753,0,14.17,14.17,0,11/22/2024 10:41,11/27/2024 10:30
1195,DAVE,Buy,Market,132,132,0,87.72,0,0,11/22/2024 11:26,11/22/2024 11:27
1198,PLTR,Buy,Market,182,182,0,63.49,0,0,11/22/2024 11:38,11/22/2024 11:39
1200,PLTR,Sell,Limit,91,91,0,74.28,0,74.28,11/22/2024 11:39,12/6/2024 9:38
1201,ALGS,Buy,Market,570,570,0,20.74,0,0,11/25/2024 9:37,11/25/2024 9:38
1203,ALGS,Sell,Limit,285,285,0,35.36,0,35.36,11/25/2024 9:38,12/13/2024 9:31
1204,BBAR,Sell,Market,335,335,0,16.46,0,0,11/26/2024 9:31,11/26/2024 9:32
1205,NPWR,Buy,Market,840,840,0,13.7,0,0,11/26/2024 9:33,11/26/2024 9:34
1206,NPWR,Sell,Stop,840,840,0,12.34,12.34,0,11/26/2024 9:34,11/26/2024 14:58
1208,INOD,Sell,Market,215,215,0,39.5,0,0,11/27/2024 9:31,11/27/2024 9:32
1209,RDDT,Sell,Market,82,82,0,138.03,0,0,11/27/2024 9:31,11/27/2024 9:32
1210,SMR,Sell,Market,239,239,0,27.22,0,0,11/27/2024 9:31,11/27/2024 9:32
1211,MDXG,Buy,Market,1219,1219,0,9.48,0,0,11/27/2024 9:42,11/27/2024 9:43
1214,HUT,Buy,Market,438,438,0,26.48,0,0,11/27/2024 10:10,11/27/2024 10:11
1217,CLS,Sell,Market,67,67,0,84.02,0,0,11/29/2024 9:31,11/29/2024 9:32
1218,BTDR,Buy,Market,871,871,0,13.46,0,0,11/29/2024 9:33,11/29/2024 9:34
1220,BTDR,Sell,Limit,436,436,0,19,0,19,11/29/2024 9:34,12/5/2024 9:34
1221,MARA,Buy,Market,419,419,0,28.01,0,0,11/29/2024 9:35,11/29/2024 9:36
1222,MARA,Sell,Stop,419,419,0,24.44,24.44,0,11/29/2024 9:36,12/2/2024 14:01
1224,ML,Buy,Market,132,132,0,90.14,0,0,11/29/2024 10:01,11/29/2024 10:02
1225,ML,Sell,Stop,132,132,0,84.26,84.26,0,11/29/2024 10:02,12/3/2024 9:44
1227,SOUN,Buy,Market,1419,1419,0,8.48,0,0,11/29/2024 10:07,11/29/2024 10:08
1229,SOUN,Sell,Limit,710,710,0,11.22,0,11.22,11/29/2024 10:08,12/5/2024 9:38
1230,TSLA,Buy,Market,33,33,0,357.54,0,0,12/2/2024 9:33,12/2/2024 9:34
1231,ARQQ,Buy,Market,508,508,0,23.63,0,0,12/2/2024 9:33,12/2/2024 9:34
1234,ARQQ,Sell,Stop,508,508,0,18.51,18.51,0,12/2/2024 9:34,12/5/2024 9:55
1233,TSLA,Sell,Limit,16,16,0,407.84,0,407.84,12/2/2024 9:34,12/10/2024 12:42
1236,OUST,Buy,Market,1155,1155,0,10.3,0,0,12/2/2024 10:48,12/2/2024 10:49
1237,OUST,Sell,Stop,1155,1155,0,9.47,9.56,0,12/2/2024 10:49,12/3/2024 9:31
1239,LMND,Sell,Market,152,152,0,45.42,0,0,12/3/2024 9:31,12/3/2024 9:32
1240,UPST,Sell,Market,91,91,0,68.22,0,0,12/3/2024 9:31,12/3/2024 9:32
1241,LITE,Buy,Market,128,128,0,89.74,0,0,12/3/2024 12:40,12/3/2024 12:41
1244,HUT,Sell,Market,438,438,0,25.26,0,0,12/4/2024 9:31,12/4/2024 9:32
1245,LUNR,Sell,Market,579,579,0,11.52,0,0,12/4/2024 9:31,12/4/2024 9:32
1246,RELY,Sell,Market,551,551,0,20.6,0,0,12/4/2024 9:31,12/4/2024 9:32
1247,RKLB,Sell,Market,405,405,0,22.55,0,0,12/4/2024 9:31,12/4/2024 9:32
1248,HSAI,Buy,Market,1198,1198,0,9.62,0,0,12/4/2024 9:33,12/4/2024 9:34
1251,COIN,Buy,Market,36,36,0,317.61,0,0,12/4/2024 9:35,12/4/2024 9:36
1254,AI,Buy,Market,304,304,0,38.24,0,0,12/4/2024 9:47,12/4/2024 9:48
1257,DXYZ,Buy,Market,255,255,0,45.47,0,0,12/4/2024 9:53,12/4/2024 9:54
1259,DXYZ,Sell,Limit,128,128,0,63.92,0,63.92,12/4/2024 9:54,12/6/2024 13:46
1260,DAVE,Sell,Market,132,132,0,88.6,0,0,12/5/2024 9:31,12/5/2024 9:32
1261,MARA,Buy,Market,428,428,0,27.53,0,0,12/5/2024 9:34,12/5/2024 9:35
1262,MARA,Sell,Stop,428,428,0,24.42,24.42,0,12/5/2024 9:35,12/9/2024 10:48
1264,AMSC,Buy,Market,323,323,0,37,0,0,12/5/2024 9:37,12/5/2024 9:38
1265,AMSC,Sell,Stop,323,323,0,34.05,34.05,0,12/5/2024 9:38,12/6/2024 11:49
1267,HNST,Buy,Market,1393,1393,0,8.56,0,0,12/5/2024 9:44,12/5/2024 9:45
1268,HNST,Sell,Stop,1393,1393,0,8.02,8.02,0,12/5/2024 9:45,12/9/2024 10:27
1270,BTCT,Buy,Market,641,641,0,18.52,0,0,12/5/2024 9:47,12/5/2024 9:48
1271,BTCT,Sell,Stop,641,641,0,16.05,16.05,0,12/5/2024 9:48,12/5/2024 10:11
1273,API,Buy,Market,1988,1988,0,5.96,0,0,12/5/2024 9:52,12/5/2024 9:53
1274,API,Sell,Stop,1988,1988,0,5.08,5.08,0,12/5/2024 9:53,12/10/2024 14:31
1276,AAOI,Sell,Market,181,181,0,37.39,0,0,12/6/2024 9:31,12/6/2024 9:32
1277,AFRM,Sell,Market,103,103,0,68.52,0,0,12/6/2024 9:31,12/6/2024 9:32
1278,SOFI,Sell,Market,417,417,0,15.72,0,0,12/6/2024 9:31,12/6/2024 9:32
1279,WWW,Sell,Market,500,500,0,23.09,0,0,12/6/2024 9:31,12/6/2024 9:32
1280,XMTR,Sell,Market,367,367,0,32.07,0,0,12/6/2024 9:31,12/6/2024 9:32
1281,APLD,Buy,Market,1107,1107,0,10.73,0,0,12/6/2024 9:34,12/6/2024 9:35
1282,APLD,Sell,Stop,1107,1107,0,9.69,9.69,0,12/6/2024 9:35,12/9/2024 10:39
1284,CRNC,Buy,Market,1478,1478,0,8.06,0,0,12/6/2024 9:48,12/6/2024 9:49
1287,ARQQ,Buy,Market,485,485,0,25.48,0,0,12/9/2024 9:33,12/9/2024 9:34
1288,INOD,Buy,Market,248,248,0,49.93,0,0,12/9/2024 9:33,12/9/2024 9:34
1291,INOD,Sell,Stop,248,248,0,45.31,45.31,0,12/9/2024 9:34,12/9/2024 11:11
1293,INOD,Buy,Market,243,243,0,48.55,0,0,12/9/2024 11:27,12/9/2024 11:28
1294,INOD,Sell,Stop,243,243,0,44.05,44.05,0,12/9/2024 11:28,12/9/2024 15:14
1296,COIN,Sell,Market,36,36,0,317.24,0,0,12/10/2024 9:31,12/10/2024 9:32
1297,RDW,Sell,Market,497,497,0,12.21,0,0,12/10/2024 9:31,12/10/2024 9:32
1298,LITE,Sell,Market,128,128,0,88.13,0,0,12/11/2024 9:31,12/11/2024 9:32
1299,CRNC,Sell,Market,1478,1478,0,7.5,0,0,12/12/2024 9:31,12/12/2024 9:32
1300,AI,Sell,Market,304,304,0,37.81,0,0,12/12/2024 9:31,12/12/2024 9:32
1301,MDXG,Sell,Market,1219,1219,0,9.3,0,0,12/12/2024 9:31,12/12/2024 9:32
1302,UPST,Buy,Market,143,143,0,82.39,0,0,12/12/2024 9:34,12/12/2024 9:35
1303,UPST,Sell,Stop,143,143,0,76.93,76.93,0,12/12/2024 9:35,12/12/2024 14:19
1305,GRRR,Buy,Market,1436,1436,0,8.32,0,0,12/12/2024 10:27,12/12/2024 10:28
1307,GRRR,Sell,Limit,718,718,0,11.69,0,11.69,12/12/2024 10:28,12/18/2024 9:43
1308,UPST,Buy,Market,140,140,0,85.65,0,0,12/13/2024 11:52,12/13/2024 11:53
1309,UPST,Sell,Stop,140,140,0,79.63,79.63,0,12/13/2024 11:53,12/18/2024 14:40
1311,ARQQ,Sell,Market,485,485,0,23.81,0,0,12/16/2024 9:31,12/16/2024 9:32
1312,COIN,Buy,Market,37,37,0,325.22,0,0,12/16/2024 9:40,12/16/2024 9:41
1313,COIN,Sell,Stop,37,37,0,304.53,304.53,0,12/16/2024 9:41,12/17/2024 10:34
1315,QUBT,Buy,Market,1631,1631,0,7.47,0,0,12/16/2024 9:43,12/16/2024 9:44
1317,QUBT,Sell,Limit,816,816,0,11.77,0,11.77,12/16/2024 9:44,12/16/2024 13:27
1318,DAVE,Buy,Market,126,126,0,96.15,0,0,12/16/2024 9:50,12/16/2024 9:51
1321,QBTS,Buy,Market,2253,2253,0,5.41,0,0,12/16/2024 9:58,12/16/2024 9:59
1323,QBTS,Sell,Limit,1126,1126,0,9.1,0,9.1,12/16/2024 9:59,12/17/2024 9:42
1324,AI,Buy,Market,300,300,0,40.69,0,0,12/16/2024 10:02,12/16/2024 10:03
1327,PTON,Buy,Market,1210,1210,0,10.14,0,0,12/16/2024 10:11,12/16/2024 10:12
1328,PTON,Sell,Stop,1210,1210,0,9.45,9.45,0,12/16/2024 10:12,12/18/2024 15:38
1330,MSTR,Buy,Market,28,28,0,428.96,0,0,12/16/2024 10:23,12/16/2024 10:24
1331,QMCO,Buy,Market,593,593,0,20.43,0,0,12/16/2024 10:23,12/16/2024 10:24
1332,MSTR,Sell,Stop,28,28,0,393.23,393.23,0,12/16/2024 10:24,12/17/2024 10:16
1335,QMCO,Sell,Limit,296,296,0,36.5,0,36.5,12/16/2024 10:24,12/18/2024 11:45
1336,PRCH,Buy,Market,2170,2170,0,5.77,0,0,12/16/2024 12:12,12/16/2024 12:13
1337,PRCH,Sell,Stop,2170,2170,0,5.09,5.09,0,12/16/2024 12:13,12/18/2024 14:47
1339,RKLB,Buy,Market,499,499,0,25.1,0,0,12/16/2024 12:16,12/16/2024 12:17
1342,AFRM,Buy,Market,176,176,0,73.04,0,0,12/16/2024 13:33,12/16/2024 13:34
1343,AFRM,Sell,Stop,176,176,0,68.67,68.67,0,12/16/2024 13:34,12/17/2024 9:32
1345,HSAI,Sell,Market,1198,1198,0,10.23,0,0,12/17/2024 9:31,12/17/2024 9:32
1346,HIMS,Buy,Market,403,403,0,32.53,0,0,12/17/2024 9:33,12/17/2024 9:34
1347,HIMS,Sell,Stop,403,403,0,29.83,29.83,0,12/17/2024 9:34,12/18/2024 14:10
1349,HSAI,Buy,Market,1167,1167,0,11.35,0,0,12/17/2024 9:43,12/17/2024 9:44
1351,HSAI,Sell,Limit,584,584,0,15,0,15,12/17/2024 9:44,12/30/2024 9:41
1352,ARQQ,Buy,Market,438,438,0,30.32,0,0,12/17/2024 9:46,12/17/2024 9:47
1353,ARQQ,Sell,Stop,438,438,0,23.07,23.07,0,12/17/2024 9:47,12/20/2024 9:35
1355,AI,Sell,Market,300,300,0,39.42,0,0,12/19/2024 9:31,12/19/2024 9:32
1356,BTDR,Sell,Market,435,435,0,20.08,0,0,12/19/2024 9:31,12/19/2024 9:32
1357,DAVE,Sell,Market,126,126,0,94.23,0,0,12/19/2024 9:31,12/19/2024 9:32
1358,DXYZ,Sell,Market,127,127,0,65.47,0,0,12/19/2024 9:31,12/19/2024 9:32
1359,PLTR,Sell,Market,91,91,0,74.55,0,0,12/19/2024 9:31,12/19/2024 9:32
1360,RKLB,Sell,Market,499,499,0,23.69,0,0,12/19/2024 9:31,12/19/2024 9:32
1361,KC,Buy,Market,1437,1437,0,9.09,0,0,12/20/2024 9:41,12/20/2024 9:42
1364,RCAT,Buy,Market,1306,1306,0,10.02,0,0,12/20/2024 9:47,12/20/2024 9:48
1366,RCAT,Sell,Limit,653,653,0,14.49,0,14.49,12/20/2024 9:48,12/26/2024 10:38
1367,PLTR,Buy,Market,173,173,0,77.88,0,0,12/20/2024 11:49,12/20/2024 11:50
1370,TSLA,Sell,Market,17,17,0,430.48,0,0,12/23/2024 9:31,12/23/2024 9:32
1371,ACHR,Buy,Market,1367,1367,0,10.1,0,0,12/23/2024 9:33,12/23/2024 9:34
1374,UMAC,Buy,Market,991,991,0,13.79,0,0,12/23/2024 9:54,12/23/2024 9:55
1376,UMAC,Sell,Limit,496,496,0,21,0,21,12/23/2024 9:55,12/30/2024 14:31
1377,CRNC,Buy,Market,1561,1561,0,8.84,0,0,12/23/2024 10:01,12/23/2024 10:02
1378,CRNC,Sell,Stop,1561,1561,0,7.88,7.88,0,12/23/2024 10:02,12/23/2024 10:22
1380,SERV,Buy,Market,868,868,0,15.51,0,0,12/24/2024 9:35,12/24/2024 9:36
1383,OKLO,Buy,Market,590,590,0,22.94,0,0,12/24/2024 10:13,12/24/2024 10:14
1386,RDW,Buy,Market,941,941,0,14.4,0,0,12/24/2024 10:16,12/24/2024 10:17
1388,RDW,Sell,Limit,470,470,0,18.5,0,18.5,12/24/2024 10:17,1/6/2025 10:16
1389,SKYT,Buy,Market,929,929,0,14.72,0,0,12/24/2024 10:26,12/24/2024 10:27
1392,AAOI,Buy,Market,351,351,0,39.07,0,0,12/24/2024 11:36,12/24/2024 11:37
1393,AAOI,Sell,Stop,351,351,0,34.41,34.41,0,12/24/2024 11:37,12/30/2024 10:01
1395,KC,Sell,Market,1437,1437,0,9.95,0,0,12/26/2024 9:31,12/26/2024 9:32
1396,CRNC,Buy,Market,1550,1550,0,8.94,0,0,12/26/2024 9:37,12/26/2024 9:38
1397,CRNC,Sell,Stop,1550,1550,0,7.92,7.92,0,12/26/2024 9:38,12/27/2024 10:02
1399,INOD,Buy,Market,313,313,0,44.87,0,0,12/26/2024 9:42,12/26/2024 9:43
1400,INOD,Sell,Stop,313,313,0,40.66,40.66,0,12/26/2024 9:43,12/31/2024 9:37
1402,RGTI,Buy,Market,1105,1105,0,12.84,0,0,12/26/2024 9:49,12/26/2024 9:50
1403,RGTI,Sell,Stop,1105,1105,0,9.21,9.21,0,12/26/2024 9:50,1/8/2025 10:14
1405,ARQQ,Buy,Market,437,437,0,32.43,0,0,12/26/2024 10:03,12/26/2024 10:04
1408,REAL,Buy,Market,1460,1460,0,9.84,0,0,12/26/2024 10:23,12/26/2024 10:24
1411,MESO,Buy,Market,817,817,0,17.58,0,0,12/26/2024 10:25,12/26/2024 10:26
1414,LX,Buy,Market,2325,2325,0,6.26,0,0,12/26/2024 10:37,12/26/2024 10:38
1415,LX,Sell,Stop,2325,2325,0,5.91,5.91,0,12/26/2024 10:38,12/30/2024 9:32
1417,OMER,Buy,Market,1360,1360,0,11.23,0,0,12/27/2024 12:11,12/27/2024 12:12
1418,OMER,Sell,Stop,1360,1360,0,9.62,9.62,0,12/27/2024 12:12,12/30/2024 15:16
1420,PLTR,Sell,Market,173,173,0,77.83,0,0,12/31/2024 9:31,12/31/2024 9:32
1421,SUPV,Sell,Market,515,515,0,15.13,0,0,12/31/2024 9:31,12/31/2024 9:32
1422,SIDU,Buy,Market,2243,2243,0,6.43,0,0,12/31/2024 9:33,12/31/2024 9:34
1423,SIDU,Sell,Stop,2243,2243,0,3.55,4.37,0,12/31/2024 9:34,1/2/2025 9:31
1425,ACHR,Sell,Market,1367,1367,0,9.94,0,0,1/2/2025 9:31,1/2/2025 9:32
1426,OKLO,Sell,Market,590,590,0,20.95,0,0,1/2/2025 9:31,1/2/2025 9:32
1427,QUBT,Sell,Market,815,815,0,16.64,0,0,1/2/2025 9:31,1/2/2025 9:32
1428,SERV,Sell,Market,868,868,0,13.86,0,0,1/2/2025 9:31,1/2/2025 9:32
1429,SKYT,Sell,Market,929,929,0,14.08,0,0,1/2/2025 9:31,1/2/2025 9:32
1430,SOUN,Sell,Market,709,709,0,20.18,0,0,1/2/2025 9:31,1/2/2025 9:32
1431,BBAR,Buy,Market,705,705,0,20.04,0,0,1/2/2025 9:54,1/2/2025 9:55
1434,BTDR,Buy,Market,592,592,0,23.97,0,0,1/2/2025 9:55,1/2/2025 9:56
1433,BBAR,Sell,Limit,352,352,0,24.1,0,24.1,1/2/2025 9:55,1/6/2025 9:34
1435,BTDR,Sell,Stop,592,592,0,20.61,20.61,0,1/2/2025 9:56,1/7/2025 10:31
1437,LUNR,Buy,Market,719,719,0,19.75,0,0,1/2/2025 9:57,1/2/2025 9:58
1440,WGS,Buy,Market,177,177,0,82.38,0,0,1/2/2025 11:55,1/2/2025 11:56
1441,WGS,Sell,Stop,177,177,0,76.75,76.75,0,1/2/2025 11:56,1/14/2025 10:02
1443,REAL,Sell,Market,1460,1460,0,9.92,0,0,1/3/2025 9:31,1/3/2025 9:32
1444,CRNC,Buy,Market,1255,1255,0,11.66,0,0,1/3/2025 9:35,1/3/2025 9:36
1446,CRNC,Sell,Limit,628,628,0,15.27,0,15.27,1/3/2025 9:36,1/3/2025 11:16
1447,OUST,Buy,Market,1120,1120,0,13.19,0,0,1/3/2025 9:39,1/3/2025 9:40
1450,RKLB,Buy,Market,550,550,0,26.92,0,0,1/3/2025 9:45,1/3/2025 9:46
1453,OKLO,Buy,Market,583,583,0,25.18,0,0,1/3/2025 10:34,1/3/2025 10:35
1454,OKLO,Sell,Stop,583,583,0,21.72,21.72,0,1/3/2025 10:35,1/13/2025 11:58
1456,APP,Buy,Market,43,43,0,351.05,0,0,1/3/2025 12:02,1/3/2025 12:03
1457,APP,Sell,Stop,43,43,0,329.7,329.7,0,1/3/2025 12:03,1/7/2025 9:57
1459,SKYT,Buy,Market,956,956,0,16.14,0,0,1/6/2025 9:33,1/6/2025 9:34
1460,SKYT,Sell,Stop,956,956,0,13.4,13.8,0,1/6/2025 9:34,1/8/2025 9:31
1462,AVGO,Buy,Market,65,65,0,239.74,0,0,1/6/2025 9:37,1/6/2025 9:38
1463,AVGO,Sell,Stop,65,65,0,230.98,230.98,0,1/6/2025 9:38,1/7/2025 9:59
1465,QUBT,Buy,Market,816,816,0,19.34,0,0,1/6/2025 9:42,1/6/2025 9:43
1466,QUBT,Sell,Stop,816,816,0,11.7,15.22,0,1/6/2025 9:43,1/8/2025 9:31
1468,DXYZ,Buy,Market,237,237,0,66.4,0,0,1/6/2025 9:44,1/6/2025 9:45
1469,LAES,Buy,Market,1573,1573,0,9.46,0,0,1/6/2025 9:44,1/6/2025 9:45
1470,DXYZ,Sell,Stop,237,237,0,59.35,59.35,0,1/6/2025 9:45,1/7/2025 9:34
1472,LAES,Sell,Stop,1573,1573,0,4.98,6.45,0,1/6/2025 9:45,1/8/2025 9:31
1474,QMCO,Sell,Market,297,297,0,51.42,0,0,1/7/2025 9:31,1/7/2025 9:32
1475,REAL,Buy,Market,1452,1452,0,10.18,0,0,1/7/2025 9:39,1/7/2025 9:40
1476,REAL,Sell,Stop,1452,1452,0,9.26,9.26,0,1/7/2025 9:40,1/7/2025 10:18
1478,ALGS,Sell,Market,285,285,0,40.81,0,0,1/8/2025 9:31,1/8/2025 9:32
1479,ARQQ,Sell,Market,437,437,0,26.37,0,0,1/8/2025 9:31,1/8/2025 9:32
1480,GRRR,Sell,Market,718,718,0,16.84,0,0,1/8/2025 9:31,1/8/2025 9:32
1482,UMAC,Sell,Market,495,495,0,13.7,0,0,1/8/2025 9:31,1/8/2025 9:32
1481,MESO,Sell,Market,817,817,0,17.79,0,0,1/8/2025 9:31,1/8/2025 9:33
1483,HSAI,Sell,Market,583,583,0,13.89,0,0,1/10/2025 9:31,1/10/2025 9:32
1484,LUNR,Sell,Market,719,719,0,18.94,0,0,1/10/2025 9:31,1/10/2025 9:32
1485,OUST,Sell,Market,1120,1120,0,12.01,0,0,1/10/2025 9:31,1/10/2025 9:32
1486,QBTS,Sell,Market,1127,1127,0,6.36,0,0,1/10/2025 9:31,1/10/2025 9:32
1487,RCAT,Sell,Market,653,653,0,11.4,0,0,1/10/2025 9:31,1/10/2025 9:32
1488,RDW,Sell,Market,471,471,0,16.18,0,0,1/10/2025 9:31,1/10/2025 9:33
1489,RKLB,Sell,Market,550,550,0,25.21,0,0,1/13/2025 9:31,1/13/2025 9:32
1490,DJT,Buy,Market,319,319,0,37.51,0,0,1/13/2025 10:01,1/13/2025 10:02
1492,DJT,Sell,Limit,160,160,0,42.87,0,42.87,1/13/2025 10:02,1/13/2025 15:24
1491,DJT,Sell,Stop,159,159,0,35.72,35.72,0,1/13/2025 10:02,1/21/2025 9:36
1493,GH,Buy,Market,321,321,0,37.53,0,0,1/13/2025 10:56,1/13/2025 10:57
1495,GH,Sell,Limit,160,160,0,43.18,0,43.18,1/13/2025 10:57,1/21/2025 12:02
1496,HOOD,Buy,Market,277,277,0,43.23,0,0,1/14/2025 10:21,1/14/2025 10:22
1498,HOOD,Sell,Limit,138,138,0,49.93,0,49.82,1/14/2025 10:22,1/21/2025 9:31
1499,CRNC,Sell,Market,627,627,0,13.76,0,0,1/15/2025 9:31,1/15/2025 9:32
1500,MSTR,Buy,Market,31,31,0,385.4,0,0,1/17/2025 9:33,1/17/2025 9:34
1501,MSTR,Sell,Stop,31,31,0,354.13,354.13,0,1/17/2025 9:34,1/24/2025 15:42
1503,HSAI,Buy,Market,757,757,0,15.87,0,0,1/17/2025 11:37,1/17/2025 11:38
1506,OKLO,Buy,Market,452,452,0,26.6,0,0,1/17/2025 11:38,1/17/2025 11:39
1508,OKLO,Sell,Limit,226,226,0,36.45,0,36.45,1/17/2025 11:39,1/23/2025 9:47
1509,BBAR,Sell,Market,353,353,0,22.12,0,0,1/21/2025 9:31,1/21/2025 9:32
1510,ADTN,Buy,Market,1144,1144,0,10.58,0,0,1/21/2025 9:33,1/21/2025 9:34
1511,LUNR,Buy,Market,590,590,0,20.48,0,0,1/21/2025 9:33,1/21/2025 9:34
1512,RKLB,Buy,Market,441,441,0,27.36,0,0,1/21/2025 9:33,1/21/2025 9:34
1513,ADTN,Sell,Stop,1144,1144,0,10.05,10.05,0,1/21/2025 9:34,1/27/2025 9:32
1519,VNET,Buy,Market,1995,1995,0,6.06,0,0,1/21/2025 9:36,1/21/2025 9:37
1521,VNET,Sell,Limit,998,998,0,7.29,0,7.25,1/21/2025 9:37,1/29/2025 9:31
1522,RBRK,Buy,Market,171,171,0,70.84,0,0,1/21/2025 10:23,1/21/2025 10:24
1525,RDDT,Buy,Market,66,66,0,182.14,0,0,1/21/2025 10:25,1/21/2025 10:26
1526,RDDT,Sell,Stop,66,66,0,171.14,171.14,0,1/21/2025 10:26,1/27/2025 9:33
1528,PDYN,Buy,Market,1098,1098,0,11.22,0,0,1/22/2025 9:36,1/22/2025 9:37
1529,PDYN,Sell,Stop,1098,1098,0,9.07,9.07,0,1/22/2025 9:37,1/23/2025 14:03
1531,EOSE,Buy,Market,1998,1998,0,6.2,0,0,1/23/2025 15:16,1/23/2025 15:17
1532,EOSE,Sell,Stop,1998,1998,0,5.55,5.55,0,1/23/2025 15:17,1/28/2025 10:48
1534,HSAI,Sell,Market,757,757,0,15.77,0,0,1/24/2025 9:31,1/24/2025 9:32
1535,LX,Buy,Market,1813,1813,0,6.91,0,0,1/24/2025 9:33,1/24/2025 9:34
1538,BKSY,Buy,Market,966,966,0,13,0,0,1/24/2025 9:34,1/24/2025 9:35
1537,LX,Sell,Limit,906,906,0,7.95,0,7.95,1/24/2025 9:34,1/29/2025 10:04
1540,BKSY,Sell,Limit,483,483,0,16.31,0,16.31,1/24/2025 9:35,1/28/2025 9:32
1541,OPFI,Buy,Market,1000,1000,0,12.59,0,0,1/24/2025 9:51,1/24/2025 9:52
1542,OPFI,Sell,Stop,1000,1000,0,11.28,11.28,0,1/24/2025 9:52,1/27/2025 9:35
1544,RUM,Buy,Market,924,924,0,13.68,0,0,1/24/2025 10:32,1/24/2025 10:33
1545,RUM,Sell,Stop,924,924,0,12.33,12.33,0,1/24/2025 10:33,1/27/2025 12:13
1547,SERV,Buy,Market,609,609,0,20.76,0,0,1/24/2025 10:53,1/24/2025 10:54
1548,SERV,Sell,Stop,609,609,0,17.9,17.9,0,1/24/2025 10:54,1/27/2025 9:31
1550,HUT,Buy,Market,459,459,0,27.65,0,0,1/24/2025 12:53,1/24/2025 12:54
1551,HUT,Sell,Stop,459,459,0,23.81,25.58,0,1/24/2025 12:54,1/27/2025 9:31
1553,OPFI,Buy,Market,905,905,0,13.27,0,0,1/28/2025 9:34,1/28/2025 9:35
1556,RDDT,Buy,Market,62,62,0,191.16,0,0,1/28/2025 9:54,1/28/2025 9:55
1559,SEMR,Buy,Market,707,707,0,17.12,0,0,1/28/2025 10:17,1/28/2025 10:18
1562,ROOT,Buy,Market,135,135,0,90.13,0,0,1/29/2025 15:10,1/29/2025 15:11
1565,LUNR,Sell,Market,590,590,0,21.28,0,0,1/30/2025 9:31,1/30/2025 9:32
1566,TEM,Buy,Market,217,217,0,56.49,0,0,1/30/2025 10:35,1/30/2025 10:36
1569,GRAL,Buy,Market,408,408,0,30.16,0,0,1/30/2025 13:35,1/30/2025 13:36
1572,RKLB,Sell,Market,441,441,0,28.39,0,0,1/31/2025 9:31,1/31/2025 9:32
1573,RDW,Buy,Market,496,496,0,24.9,0,0,1/31/2025 9:37,1/31/2025 9:38
1576,LUNR,Buy,Market,528,528,0,23.5,0,0,1/31/2025 10:27,1/31/2025 10:28
1579,ACHR,Buy,Market,1239,1239,0,10.01,0,0,1/31/2025 10:28,1/31/2025 10:29
1580,ACHR,Sell,Stop,1239,1239,0,9.24,9.24,0,1/31/2025 10:29,1/31/2025 15:12
1582,REAL,Buy,Market,1243,1243,0,10.02,0,0,1/31/2025 12:52,1/31/2025 12:53
1583,REAL,Sell,Stop,1243,1243,0,9.46,9.46,0,1/31/2025 12:53,1/31/2025 15:10
