Index,Symbol,Action Type,Order Type,Total Qty.,Qty. Filled,Qty. Remaining,Price,Strategy #,Stop Price,Limit Price,Created Date/Time (E),Update Date/Time (E)
0,STTK,Buy,Market,635,635,0,7.86,0,0,0,1/2/2024 12:39,1/2/2024 12:40
1,STTK,Sell,Stop,635,635,0,6.99,0,6.99,0,1/2/2024 12:40,1/3/2024 12:33
3,IOVA,Buy,Market,592,592,0,8.38,0,0,0,1/5/2024 13:37,1/5/2024 13:38
6,TREE,Buy,Market,153,153,0,32,0,0,0,1/8/2024 9:33,1/8/2024 9:34
7,TREE,Sell,Stop,153,153,0,29.87,0,29.88,0,1/8/2024 9:34,1/11/2024 11:41
9,ARDX,Buy,Market,727,727,0,6.85,0,0,0,1/8/2024 9:35,1/8/2024 9:36
11,ARDX,Sell,Limit,364,364,0,7.63,0,0,7.63,1/8/2024 9:36,1/8/2024 11:15
12,NKTX,Buy,Market,786,786,0,6.33,0,0,0,1/8/2024 9:40,1/8/2024 9:41
14,NKTX,Sell,Limit,393,393,0,9.07,0,0,9.07,1/8/2024 9:41,1/8/2024 10:38
15,CABA,Buy,Market,219,219,0,23.07,0,0,0,1/8/2024 10:18,1/8/2024 10:19
16,CABA,Sell,Stop,219,219,0,22.29,0,22.29,0,1/8/2024 10:19,1/10/2024 12:30
18,CCCC,Buy,Market,752,752,0,6.87,0,0,0,1/8/2024 13:15,1/8/2024 13:16
21,CLDX,Buy,Market,128,128,0,40.5,0,0,0,1/8/2024 14:39,1/8/2024 14:44
22,CLDX,Sell,Stop,128,128,0,38.6,0,38.6,0,1/8/2024 14:44,1/10/2024 12:48
24,MARA,Buy,Market,193,193,0,26.87,0,0,0,1/10/2024 12:51,1/10/2024 12:52
25,MARA,Sell,Stop,193,193,0,23.78,0,23.78,0,1/10/2024 12:52,1/11/2024 10:49
27,ZIMV,Buy,Market,287,287,0,18.09,0,0,0,1/10/2024 13:04,1/10/2024 13:05
28,ZIMV,Sell,Stop,287,287,0,17.11,0,17.11,0,1/10/2024 13:05,1/12/2024 12:03
30,CRSP,Buy,Market,81,81,0,63.75,0,0,0,1/11/2024 9:54,1/11/2024 9:55
31,CRSP,Sell,Stop,81,81,0,61.96,0,61.96,0,1/11/2024 9:55,1/17/2024 9:31
33,KURA,Buy,Market,328,328,0,15.57,0,0,0,1/11/2024 14:36,1/11/2024 14:37
34,KURA,Sell,Stop,328,328,0,14.78,0,14.78,0,1/11/2024 14:37,1/17/2024 9:31
36,TWST,Buy,Market,136,136,0,37.57,0,0,0,1/12/2024 9:47,1/12/2024 9:48
37,TWST,Sell,Stop,136,136,0,36.03,0,36.03,0,1/12/2024 9:48,1/12/2024 14:44
39,IOVA,Sell,Market,592,592,0,8.07,0,0,0,1/17/2024 9:31,1/17/2024 9:32
40,CCCC,Sell,Market,752,752,0,6.55,0,0,0,1/18/2024 9:31,1/18/2024 9:32
41,ARDX,Sell,Market,363,363,0,8.06,0,0,0,1/19/2024 9:31,1/19/2024 9:32
42,NKTX,Sell,Market,393,393,0,8.34,0,0,0,1/19/2024 9:31,1/19/2024 9:32
43,MRUS,Buy,Market,148,148,0,33.43,0,0,0,1/19/2024 10:28,1/19/2024 10:29
45,MRUS,Sell,Limit,74,74,0,39.57,0,0,39.57,1/19/2024 10:29,2/8/2024 12:02
46,VKTX,Buy,Market,224,224,0,22.11,0,0,0,1/19/2024 10:52,1/19/2024 10:53
49,ACLX,Buy,Market,87,87,0,57.32,0,0,0,1/22/2024 9:34,1/22/2024 9:35
50,IOT,Buy,Market,146,146,0,33.93,0,0,0,1/22/2024 9:34,1/22/2024 9:35
55,ARCT,Buy,Market,147,147,0,33.4,0,0,0,1/22/2024 9:35,1/22/2024 9:36
53,IOT,Sell,Stop,146,146,0,33.14,0,33.14,0,1/22/2024 9:35,1/22/2024 13:04
51,ACLX,Sell,Stop,87,87,0,55.78,0,55.78,0,1/22/2024 9:35,1/23/2024 10:32
56,ARCT,Sell,Stop,147,147,0,33,0,33,0,1/22/2024 9:36,1/24/2024 13:04
58,KYMR,Buy,Market,172,172,0,28.88,0,0,0,1/22/2024 9:53,1/22/2024 9:54
60,KYMR,Sell,Limit,86,86,0,35.3,0,0,35.29,1/22/2024 9:54,2/9/2024 11:54
61,EYPT,Buy,Market,211,211,0,23.46,0,0,0,1/22/2024 11:00,1/22/2024 11:01
63,EYPT,Sell,Limit,106,106,0,28.92,0,0,28.92,1/22/2024 11:01,2/1/2024 14:15
64,ZJYL,Buy,Market,739,739,0,6.83,0,0,0,1/23/2024 12:33,1/23/2024 12:36
66,ZJYL,Sell,Limit,370,370,0,11.9,0,0,11.9,1/23/2024 12:36,1/23/2024 14:25
67,OSCR,Buy,Market,435,435,0,11.82,0,0,0,1/24/2024 9:34,1/24/2024 9:35
69,OSCR,Sell,Limit,218,218,0,17.43,0,0,14.53,1/24/2024 9:35,2/8/2024 9:31
70,TNGX,Buy,Market,436,436,0,11.81,0,0,0,1/24/2024 9:39,1/24/2024 9:40
71,TNGX,Sell,Stop,436,436,0,11.39,0,11.41,0,1/24/2024 9:40,1/29/2024 9:33
73,RYTM,Buy,Market,117,117,0,43.65,0,0,0,1/24/2024 12:52,1/24/2024 12:53
75,RYTM,Sell,Limit,58,58,0,50.75,0,0,50.75,1/24/2024 12:53,2/9/2024 10:28
76,VKTX,Sell,Market,224,224,0,21.7,0,0,0,1/25/2024 9:31,1/25/2024 9:32
77,ARDX,Buy,Market,576,576,0,9.1,0,0,0,1/26/2024 9:36,1/26/2024 9:37
78,ARDX,Sell,Stop,576,576,0,8.82,0,8.82,0,1/26/2024 9:37,1/31/2024 9:31
80,EOLS,Buy,Market,397,397,0,12.88,0,0,0,1/29/2024 9:33,1/29/2024 9:34
83,PRCT,Buy,Market,108,108,0,47.38,0,0,0,1/29/2024 10:13,1/29/2024 10:14
86,GTLB,Buy,Market,72,72,0,71.66,0,0,0,1/29/2024 10:30,1/29/2024 10:31
87,GTLB,Sell,Stop,72,72,0,69.74,0,69.74,0,1/29/2024 10:31,2/2/2024 9:36
89,PTGX,Buy,Market,201,201,0,25.64,0,0,0,1/29/2024 10:32,1/29/2024 10:33
91,PTGX,Sell,Limit,100,100,0,29.25,0,0,29.25,1/29/2024 10:33,2/1/2024 14:14
92,ARVN,Buy,Market,128,128,0,40.31,0,0,0,1/31/2024 9:36,1/31/2024 9:37
94,ARVN,Sell,Limit,64,64,0,46.44,0,0,46.44,1/31/2024 9:37,2/1/2024 13:29
95,AMCX,Buy,Market,276,276,0,19.01,0,0,0,1/31/2024 12:55,1/31/2024 12:58
96,AMCX,Sell,Stop,276,276,0,18.25,0,18.25,0,1/31/2024 12:58,1/31/2024 15:44
98,PRCT,Sell,Market,108,108,0,46.82,0,0,0,2/1/2024 9:31,2/1/2024 9:34
99,RXST,Buy,Market,108,108,0,48.1,0,0,0,2/1/2024 10:35,2/1/2024 10:36
100,RXST,Sell,Stop,108,108,0,46.32,0,46.32,0,2/1/2024 10:36,2/2/2024 11:37
102,NKTX,Buy,Market,540,540,0,9.7,0,0,0,2/1/2024 11:12,2/1/2024 11:13
103,NKTX,Sell,Stop,540,540,0,9.05,0,9.05,0,2/1/2024 11:13,2/6/2024 9:31
105,NTRA,Buy,Market,78,78,0,67.22,0,0,0,2/1/2024 11:37,2/1/2024 11:38
106,NTRA,Sell,Stop,78,78,0,66,0,66,0,2/1/2024 11:38,2/2/2024 9:41
108,TNGX,Buy,Market,422,422,0,12.53,0,0,0,2/2/2024 10:47,2/2/2024 10:48
109,TNGX,Sell,Stop,422,422,0,12.14,0,12.14,0,2/2/2024 10:48,2/5/2024 9:48
111,FSLY,Buy,Market,245,245,0,21.48,0,0,0,2/2/2024 11:39,2/2/2024 11:40
113,FSLY,Sell,Limit,122,122,0,24.44,0,0,24.44,2/2/2024 11:40,2/9/2024 9:32
112,FSLY,Sell,Stop,123,123,0,18.07,0,20.26,0,2/2/2024 11:40,2/15/2024 9:31
114,ACLX,Buy,Market,81,81,0,64.86,0,0,0,2/5/2024 13:30,2/5/2024 13:31
115,ACLX,Sell,Stop,81,81,0,62.3,0,62.38,0,2/5/2024 13:31,2/8/2024 10:24
117,SANA,Buy,Market,884,884,0,6,0,0,0,2/5/2024 15:40,2/5/2024 15:41
119,SANA,Sell,Limit,442,442,0,7.35,0,0,7.35,2/5/2024 15:41,2/14/2024 13:07
120,ARCT,Buy,Market,149,149,0,35.68,0,0,0,2/6/2024 9:46,2/6/2024 9:47
123,PRAX,Buy,Market,117,117,0,45.26,0,0,0,2/6/2024 13:49,2/6/2024 13:50
126,PTGX,Sell,Market,101,101,0,25.68,0,0,0,2/7/2024 9:31,2/7/2024 9:32
127,S,Buy,Market,186,186,0,28.62,0,0,0,2/7/2024 9:33,2/7/2024 9:34
128,S,Sell,Stop,186,186,0,28,0,28.02,0,2/7/2024 9:34,2/13/2024 9:31
130,LQDA,Buy,Market,380,380,0,13.81,0,0,0,2/7/2024 9:55,2/7/2024 9:56
131,LQDA,Sell,Stop,380,380,0,13.44,0,13.44,0,2/7/2024 9:56,2/20/2024 10:08
133,TMDX,Buy,Market,59,59,0,89.1,0,0,0,2/7/2024 10:29,2/7/2024 10:31
136,IOVA,Buy,Market,641,641,0,8.3,0,0,0,2/7/2024 10:31,2/7/2024 10:32
134,TMDX,Sell,Stop,59,59,0,86,0,86,0,2/7/2024 10:31,2/8/2024 9:32
137,IOVA,Sell,Stop,641,641,0,7.99,0,7.99,0,2/7/2024 10:32,2/8/2024 9:41
139,ZJYL,Sell,Market,369,369,0,14.1,0,0,0,2/8/2024 9:31,2/8/2024 9:32
140,VKTX,Buy,Market,205,205,0,26.86,0,0,0,2/8/2024 9:34,2/8/2024 9:35
142,VKTX,Sell,Limit,102,102,0,32.16,0,0,32.16,2/8/2024 9:35,2/14/2024 10:17
143,ARDX,Buy,Market,578,578,0,9.48,0,0,0,2/8/2024 9:40,2/8/2024 9:41
144,ARDX,Sell,Stop,578,578,0,8.97,0,8.97,0,2/8/2024 9:41,2/13/2024 14:18
146,GTLB,Buy,Market,72,72,0,74.98,0,0,0,2/8/2024 9:49,2/8/2024 9:50
147,GTLB,Sell,Stop,72,72,0,73.47,0,73.47,0,2/8/2024 9:50,2/12/2024 12:01
149,VSCO,Buy,Market,200,200,0,27.26,0,0,0,2/8/2024 9:51,2/8/2024 9:52
152,MOD,Buy,Market,77,77,0,71.1,0,0,0,2/8/2024 10:12,2/8/2024 10:13
154,MOD,Sell,Limit,38,38,0,82.03,0,0,82.03,2/8/2024 10:13,2/22/2024 12:55
155,NKTX,Buy,Market,523,523,0,10.6,0,0,0,2/8/2024 10:18,2/8/2024 10:19
158,RXST,Buy,Market,112,112,0,49.01,0,0,0,2/8/2024 13:45,2/8/2024 13:47
160,RXST,Sell,Limit,56,56,0,55.12,0,0,55.12,2/8/2024 13:47,2/16/2024 9:34
161,RNA,Buy,Market,441,441,0,12.75,0,0,0,2/9/2024 9:37,2/9/2024 9:38
163,RNA,Sell,Limit,220,220,0,15.73,0,0,15.73,2/9/2024 9:38,2/28/2024 9:43
164,VERA,Buy,Market,141,141,0,39.73,0,0,0,2/9/2024 9:41,2/9/2024 9:42
167,TWST,Buy,Market,149,149,0,37.84,0,0,0,2/9/2024 9:44,2/9/2024 9:45
168,TWST,Sell,Stop,149,149,0,36.51,0,36.51,0,2/9/2024 9:45,2/9/2024 10:26
170,STNE,Buy,Market,295,295,0,19.1,0,0,0,2/9/2024 9:48,2/9/2024 9:49
171,STNE,Sell,Stop,295,295,0,18.38,0,18.38,0,2/9/2024 9:49,2/9/2024 11:07
173,TWST,Buy,Market,151,151,0,37.59,0,0,0,2/9/2024 12:54,2/9/2024 12:55
174,TWST,Sell,Stop,151,151,0,36.32,0,36.32,0,2/9/2024 12:55,2/13/2024 9:31
176,AAOI,Buy,Market,266,266,0,21.75,0,0,0,2/12/2024 10:11,2/12/2024 10:12
177,AAOI,Sell,Stop,266,266,0,19.84,0,20.13,0,2/12/2024 10:12,2/13/2024 9:31
179,TRML,Buy,Market,146,146,0,38.26,0,0,0,2/13/2024 11:18,2/13/2024 11:19
182,PRAX,Sell,Market,117,117,0,42,0,0,0,2/14/2024 9:31,2/14/2024 9:36
183,KROS,Buy,Market,97,97,0,58.26,0,0,0,2/14/2024 9:36,2/14/2024 9:37
185,KROS,Sell,Limit,48,48,0,69.28,0,0,69.28,2/14/2024 9:37,2/27/2024 11:43
186,NXT,Buy,Market,93,93,0,60.23,0,0,0,2/14/2024 9:44,2/14/2024 9:45
187,NXT,Sell,Stop,93,93,0,58.64,0,58.64,0,2/14/2024 9:45,2/20/2024 15:53
189,EYPT,Sell,Market,105,105,0,29.3,0,0,0,2/15/2024 9:31,2/15/2024 9:32
190,NKTX,Sell,Market,523,523,0,10.29,0,0,0,2/15/2024 9:31,2/15/2024 9:32
191,FATE,Buy,Market,817,817,0,6.96,0,0,0,2/15/2024 10:16,2/15/2024 10:17
192,FATE,Sell,Stop,817,817,0,6.51,0,6.51,0,2/15/2024 10:17,2/21/2024 10:41
194,ARCT,Sell,Market,149,149,0,36.31,0,0,0,2/20/2024 9:31,2/20/2024 9:32
195,KURA,Buy,Market,273,273,0,21.13,0,0,0,2/20/2024 9:33,2/20/2024 9:34
196,KURA,Sell,Stop,273,273,0,20.23,0,20.23,0,2/20/2024 9:34,2/20/2024 11:15
198,EOLS,Sell,Market,397,397,0,13.16,0,0,0,2/21/2024 9:31,2/21/2024 9:32
199,RYTM,Sell,Market,59,59,0,48.58,0,0,0,2/21/2024 9:31,2/21/2024 9:32
200,TRML,Sell,Market,146,146,0,36.97,0,0,0,2/21/2024 9:31,2/21/2024 9:40
201,CRBP,Buy,Market,225,225,0,25.3,0,0,0,2/21/2024 9:37,2/21/2024 9:38
203,CRBP,Sell,Limit,112,112,0,32.83,0,0,32.83,2/21/2024 9:38,3/1/2024 13:38
204,ARVN,Sell,Market,64,64,0,48.52,0,0,0,2/22/2024 9:31,2/22/2024 9:32
205,VSCO,Sell,Market,200,200,0,28.69,0,0,0,2/22/2024 9:31,2/22/2024 9:32
206,RXRX,Buy,Market,423,423,0,13.42,0,0,0,2/22/2024 9:37,2/22/2024 9:38
207,RXRX,Sell,Stop,423,423,0,12.85,0,12.85,0,2/22/2024 9:38,2/28/2024 9:35
209,ADVM,Buy,Market,259,259,0,22.3,0,0,0,2/22/2024 12:04,2/22/2024 12:05
210,ADVM,Sell,Stop,259,259,0,19.8,0,19.8,0,2/22/2024 12:05,2/26/2024 11:31
212,OSCR,Sell,Market,217,217,0,15.94,0,0,0,2/23/2024 9:31,2/23/2024 9:32
213,TARS,Buy,Market,178,178,0,31.91,0,0,0,2/23/2024 10:27,2/23/2024 10:28
214,TARS,Sell,Stop,178,178,0,31.05,0,31.05,0,2/23/2024 10:28,2/26/2024 9:31
216,POWL,Buy,Market,35,35,0,159.35,0,0,0,2/23/2024 12:00,2/23/2024 12:01
218,POWL,Sell,Limit,18,18,0,183.23,0,0,183.23,2/23/2024 12:01,2/29/2024 13:02
219,COIN,Buy,Market,32,32,0,172.79,0,0,0,2/26/2024 9:33,2/26/2024 9:34
221,COIN,Sell,Limit,16,16,0,205.28,0,0,205.28,2/26/2024 9:34,2/27/2024 9:31
222,KURA,Buy,Market,274,274,0,20.79,0,0,0,2/26/2024 9:35,2/26/2024 9:36
224,KURA,Sell,Limit,137,137,0,23.92,0,0,23.92,2/26/2024 9:36,3/11/2024 9:40
225,APP,Buy,Market,96,96,0,59.29,0,0,0,2/26/2024 9:39,2/26/2024 9:40
226,APP,Sell,Stop,96,96,0,57.72,0,57.72,0,2/26/2024 9:40,2/29/2024 9:39
228,TARS,Buy,Market,177,177,0,32.56,0,0,0,2/26/2024 11:14,2/26/2024 11:15
230,TARS,Sell,Limit,88,88,0,36.48,0,0,36.48,2/26/2024 11:15,2/27/2024 9:31
231,PLTR,Buy,Market,252,252,0,24.25,0,0,0,2/27/2024 9:33,2/27/2024 9:34
232,PLTR,Sell,Stop,252,252,0,23.72,0,23.72,0,2/27/2024 9:34,3/4/2024 10:00
234,GCT,Buy,Market,169,169,0,35.81,0,0,0,2/27/2024 10:16,2/27/2024 10:17
235,GCT,Sell,Stop,169,169,0,33.75,0,33.75,0,2/27/2024 10:17,2/28/2024 9:48
237,CRSP,Buy,Market,69,69,0,88.37,0,0,0,2/27/2024 12:16,2/27/2024 12:17
238,CRSP,Sell,Stop,69,69,0,84.66,0,84.66,0,2/27/2024 12:17,2/29/2024 11:02
240,TREE,Buy,Market,176,176,0,35.54,0,0,0,2/28/2024 9:43,2/28/2024 9:44
243,CGEM,Buy,Market,337,337,0,18.52,0,0,0,2/28/2024 9:44,2/28/2024 9:45
242,TREE,Sell,Limit,88,88,0,41.94,0,0,41.94,2/28/2024 9:44,3/8/2024 9:50
244,CGEM,Sell,Stop,337,337,0,17.93,0,17.93,0,2/28/2024 9:45,2/28/2024 12:59
246,VERA,Sell,Market,141,141,0,48,0,0,0,2/29/2024 9:31,2/29/2024 9:33
247,MGNX,Buy,Market,333,333,0,18.54,0,0,0,2/29/2024 13:28,2/29/2024 13:29
248,MGNX,Sell,Stop,333,333,0,17.64,0,17.64,0,2/29/2024 13:29,3/8/2024 13:13
250,RXST,Sell,Market,56,56,0,55.7,0,0,0,3/1/2024 9:31,3/1/2024 9:32
251,ARVN,Buy,Market,126,126,0,49.6,0,0,0,3/1/2024 9:52,3/1/2024 9:53
252,ARVN,Sell,Stop,126,126,0,46.5,0,46.5,0,3/1/2024 9:53,3/4/2024 15:36
254,BHVN,Buy,Market,126,126,0,49.83,0,0,0,3/1/2024 10:06,3/1/2024 10:07
256,BHVN,Sell,Limit,63,63,0,57.5,0,0,57.5,3/1/2024 10:07,3/4/2024 12:22
257,FROG,Buy,Market,140,140,0,45.12,0,0,0,3/1/2024 10:17,3/1/2024 10:18
258,FROG,Sell,Stop,140,140,0,43.85,0,43.85,0,3/1/2024 10:18,3/4/2024 9:58
260,ASPN,Buy,Market,340,340,0,18.57,0,0,0,3/1/2024 11:45,3/1/2024 11:46
261,ASPN,Sell,Stop,340,340,0,17.2,0,17.2,0,3/1/2024 11:46,3/4/2024 11:41
263,HIMS,Buy,Market,462,462,0,13.73,0,0,0,3/4/2024 9:40,3/4/2024 9:41
264,HIMS,Sell,Stop,462,462,0,13.34,0,13.34,0,3/4/2024 9:41,3/6/2024 9:31
267,POWL,Sell,Market,17,17,0,173.41,0,0,0,3/6/2024 9:31,3/6/2024 9:32
266,KYMR,Sell,Market,86,86,0,42.62,0,0,0,3/6/2024 9:31,3/6/2024 9:38
268,BLZE,Buy,Market,539,539,0,11.84,0,0,0,3/6/2024 9:34,3/6/2024 9:35
269,BLZE,Sell,Stop,539,539,0,11.17,0,11.17,0,3/6/2024 9:35,3/11/2024 9:33
271,PLTR,Buy,Market,243,243,0,26.15,0,0,0,3/6/2024 9:44,3/6/2024 9:45
272,PLTR,Sell,Stop,243,243,0,25.16,0,25.16,0,3/6/2024 9:45,3/6/2024 9:58
274,IMNM,Buy,Market,240,240,0,26.41,0,0,0,3/6/2024 9:49,3/6/2024 9:50
275,IMNM,Sell,Stop,240,240,0,25.4,0,25.4,0,3/6/2024 9:50,3/6/2024 11:28
277,PLTR,Buy,Market,245,245,0,25.99,0,0,0,3/6/2024 11:12,3/6/2024 11:13
278,PLTR,Sell,Stop,245,245,0,24.53,0,24.53,0,3/6/2024 11:13,3/12/2024 13:03
281,MRUS,Sell,Market,74,74,0,48.35,0,0,0,3/7/2024 9:31,3/7/2024 9:33
280,KROS,Sell,Market,49,49,0,66.76,0,0,0,3/7/2024 9:31,3/7/2024 9:35
282,MAX,Buy,Market,281,281,0,22.56,0,0,0,3/7/2024 9:33,3/7/2024 9:34
283,MAX,Sell,Stop,281,281,0,21.43,0,21.43,0,3/7/2024 9:34,3/7/2024 9:47
285,MOD,Sell,Market,39,39,0,87.76,0,0,0,3/8/2024 9:31,3/8/2024 9:32
286,VKTX,Sell,Market,103,103,0,76.64,0,0,0,3/8/2024 9:31,3/8/2024 9:32
287,SANA,Sell,Market,442,442,0,9.87,0,0,0,3/8/2024 9:31,3/8/2024 9:32
288,TARS,Sell,Market,89,89,0,35.56,0,0,0,3/8/2024 9:31,3/8/2024 9:33
289,CVNA,Buy,Market,72,72,0,87.36,0,0,0,3/8/2024 9:33,3/8/2024 9:34
290,CVNA,Sell,Stop,72,72,0,85.53,0,85.53,0,3/8/2024 9:34,3/8/2024 9:35
292,CVNA,Buy,Market,72,72,0,87.24,0,0,0,3/8/2024 9:37,3/8/2024 9:38
293,CVNA,Sell,Stop,72,72,0,84.8,0,84.8,0,3/8/2024 9:38,3/8/2024 13:05
295,SOUN,Buy,Market,974,974,0,6.39,0,0,0,3/12/2024 9:59,3/12/2024 10:00
297,SOUN,Sell,Limit,487,487,0,9.55,0,0,9.2,3/12/2024 10:00,3/14/2024 9:31
298,KRYS,Buy,Market,35,35,0,177.26,0,0,0,3/12/2024 11:42,3/12/2024 11:43
299,KRYS,Sell,Stop,35,35,0,168.02,0,168.5,0,3/12/2024 11:43,3/18/2024 9:37
301,BAND,Buy,Market,297,297,0,21.3,0,0,0,3/13/2024 9:33,3/13/2024 9:34
302,ASPN,Buy,Market,340,340,0,18.5,0,0,0,3/13/2024 9:33,3/13/2024 9:34
303,BAND,Sell,Stop,297,297,0,20.39,0,20.39,0,3/13/2024 9:34,3/13/2024 11:49
305,ASPN,Sell,Stop,340,340,0,17.42,0,17.42,0,3/13/2024 9:34,3/14/2024 9:31
307,HIMS,Buy,Market,423,423,0,14.99,0,0,0,3/13/2024 9:39,3/13/2024 9:40
310,BMA,Buy,Market,152,152,0,41.74,0,0,0,3/13/2024 10:25,3/13/2024 10:26
312,BMA,Sell,Limit,76,76,0,49.39,0,0,49.19,3/13/2024 10:26,3/21/2024 9:32
313,LQDA,Buy,Market,440,440,0,14.4,0,0,0,3/13/2024 13:50,3/13/2024 13:51
315,LQDA,Sell,Limit,220,220,0,16.4,0,0,16.4,3/13/2024 13:51,3/14/2024 10:07
316,BHVN,Sell,Market,63,63,0,57.17,0,0,0,3/15/2024 9:31,3/15/2024 9:32
317,KURA,Sell,Market,137,137,0,22.12,0,0,0,3/15/2024 9:31,3/15/2024 9:32
318,COIN,Sell,Market,16,16,0,227.46,0,0,0,3/15/2024 9:31,3/15/2024 9:32
319,TREE,Sell,Market,88,88,0,37.98,0,0,0,3/15/2024 9:31,3/15/2024 9:32
320,FDMT,Buy,Market,205,205,0,30.81,0,0,0,3/15/2024 9:49,3/15/2024 9:50
323,ROOT,Buy,Market,130,130,0,48.41,0,0,0,3/15/2024 10:10,3/15/2024 10:11
324,ROOT,Sell,Stop,130,130,0,43.5,0,45.13,0,3/15/2024 10:11,3/20/2024 9:31
326,ATXS,Buy,Market,406,406,0,15.62,0,0,0,3/15/2024 10:42,3/15/2024 10:43
327,ATXS,Sell,Stop,406,406,0,14.62,0,14.62,0,3/15/2024 10:43,3/20/2024 11:40
329,APP,Buy,Market,98,98,0,64.7,0,0,0,3/18/2024 9:33,3/18/2024 9:34
331,APP,Sell,Limit,49,49,0,71.52,0,0,71.43,3/18/2024 9:34,3/21/2024 9:31
332,CVNA,Buy,Market,76,76,0,83.67,0,0,0,3/20/2024 9:54,3/20/2024 9:55
335,CRBP,Sell,Market,113,113,0,38.68,0,0,0,3/21/2024 9:31,3/21/2024 9:35
336,MNMD,Buy,Market,616,616,0,10.42,0,0,0,3/21/2024 9:34,3/21/2024 9:35
337,MNMD,Sell,Stop,616,616,0,10.02,0,10.02,0,3/21/2024 9:35,3/21/2024 9:36
339,MNMD,Buy,Market,622,622,0,10.31,0,0,0,3/21/2024 9:40,3/21/2024 9:41
340,MNMD,Sell,Stop,622,622,0,9.87,0,9.87,0,3/21/2024 9:41,3/21/2024 10:08
342,CLS,Buy,Market,140,140,0,45.8,0,0,0,3/21/2024 9:57,3/21/2024 9:58
343,CLS,Sell,Stop,140,140,0,44.86,0,44.86,0,3/21/2024 9:58,3/27/2024 10:03
345,SOUN,Sell,Market,487,487,0,6.29,0,0,0,3/22/2024 9:31,3/22/2024 9:32
346,CRDF,Buy,Market,1181,1181,0,5.4,0,0,0,3/22/2024 9:50,3/22/2024 9:51
349,ADMA,Buy,Market,994,994,0,6.48,0,0,0,3/25/2024 9:51,3/25/2024 9:52
350,ADMA,Sell,Stop,994,994,0,6.29,0,6.29,0,3/25/2024 9:52,4/3/2024 15:37
352,RNA,Sell,Market,221,221,0,23.6,0,0,0,3/26/2024 9:31,3/26/2024 9:32
353,VKTX,Buy,Market,78,78,0,81.98,0,0,0,3/26/2024 9:34,3/26/2024 9:35
354,VKTX,Sell,Stop,78,78,0,76.92,0,76.92,0,3/26/2024 9:35,4/2/2024 9:33
356,PACK,Buy,Market,813,813,0,7.9,0,0,0,3/26/2024 9:48,3/26/2024 9:49
357,PACK,Sell,Stop,813,813,0,7.65,0,7.65,0,3/26/2024 9:49,4/2/2024 9:33
359,DELL,Buy,Market,55,55,0,115.8,0,0,0,3/26/2024 9:50,3/26/2024 9:51
360,DELL,Sell,Stop,55,55,0,113.25,0,113.25,0,3/26/2024 9:51,3/27/2024 9:55
362,KRYS,Buy,Market,36,36,0,174.98,0,0,0,3/26/2024 14:00,3/26/2024 14:02
365,HIMS,Sell,Market,423,423,0,15.81,0,0,0,3/28/2024 9:31,3/28/2024 9:32
366,LQDA,Sell,Market,220,220,0,15.03,0,0,0,3/28/2024 9:31,3/28/2024 9:32
367,TARS,Buy,Market,177,177,0,35.56,0,0,0,3/28/2024 10:40,3/28/2024 10:41
370,MAX,Buy,Market,307,307,0,20.6,0,0,0,3/28/2024 11:53,3/28/2024 11:54
371,MAX,Sell,Stop,307,307,0,20.01,0,20.01,0,3/28/2024 11:54,4/1/2024 14:21
373,BMA,Sell,Market,76,76,0,48.57,0,0,0,4/1/2024 9:31,4/1/2024 9:32
374,APP,Sell,Market,49,49,0,68.64,0,0,0,4/1/2024 9:31,4/1/2024 9:32
375,FDMT,Sell,Market,205,205,0,31.64,0,0,0,4/1/2024 9:31,4/1/2024 9:32
376,CVNA,Sell,Market,76,76,0,81.91,0,0,0,4/3/2024 9:31,4/3/2024 9:32
377,CRDF,Sell,Market,1181,1181,0,5.43,0,0,0,4/3/2024 9:31,4/3/2024 9:32
378,TARS,Sell,Market,177,177,0,34.82,0,0,0,4/8/2024 9:31,4/8/2024 9:39
379,CRBP,Buy,Market,147,147,0,41.8,0,0,0,4/8/2024 9:35,4/8/2024 9:36
380,CRBP,Sell,Stop,147,147,0,40,0,40,0,4/8/2024 9:36,4/8/2024 9:44
382,KRYS,Sell,Market,36,36,0,178.01,0,0,0,4/11/2024 9:31,4/11/2024 9:43
383,TARS,Buy,Market,168,168,0,36.85,0,0,0,4/11/2024 11:16,4/11/2024 11:17
384,TARS,Sell,Stop,168,168,0,35.55,0,35.55,0,4/11/2024 11:17,4/12/2024 11:16
386,EVER,Buy,Market,316,316,0,19.58,0,0,0,4/12/2024 9:43,4/12/2024 9:44
387,EVER,Sell,Stop,316,316,0,19.03,0,19.03,0,4/12/2024 9:44,4/15/2024 12:39
389,CGEM,Buy,Market,308,308,0,20,0,0,0,4/16/2024 9:35,4/16/2024 9:36
390,CGEM,Sell,Stop,308,308,0,19.32,0,19.32,0,4/16/2024 9:36,4/16/2024 10:14
392,EVER,Buy,Market,299,299,0,20.56,0,0,0,4/17/2024 9:37,4/17/2024 9:38
393,EVER,Sell,Stop,299,299,0,20.01,0,20.01,0,4/17/2024 9:38,4/17/2024 10:12
395,SMTC,Buy,Market,183,183,0,33.49,0,0,0,4/23/2024 10:00,4/23/2024 10:01
396,SMTC,Sell,Stop,183,183,0,32.14,0,32.14,0,4/23/2024 10:01,4/23/2024 11:45
398,OSCR,Buy,Market,359,359,0,17.12,0,0,0,4/23/2024 10:29,4/23/2024 10:30
400,OSCR,Sell,Limit,180,180,0,20.63,0,0,20.63,4/23/2024 10:30,5/8/2024 13:21
401,TMDX,Buy,Market,67,67,0,91.26,0,0,0,4/26/2024 9:39,4/26/2024 9:40
403,TMDX,Sell,Limit,34,34,0,110.08,0,0,105.84,4/26/2024 9:40,5/1/2024 9:31
404,MEG,Buy,Market,145,145,0,42.26,0,0,0,4/26/2024 9:54,4/26/2024 9:55
405,MEG,Sell,Stop,145,145,0,40.84,0,40.84,0,4/26/2024 9:55,5/8/2024 13:29
407,JANX,Buy,Market,122,122,0,50.66,0,0,0,4/29/2024 10:04,4/29/2024 10:05
409,JANX,Sell,Limit,61,61,0,60.04,0,0,60.04,4/29/2024 10:05,4/29/2024 15:26
410,EVER,Buy,Market,310,310,0,19.98,0,0,0,4/30/2024 9:40,4/30/2024 9:41
412,EVER,Sell,Limit,155,155,0,23.48,0,0,23.48,4/30/2024 9:41,5/7/2024 9:32
413,RXST,Buy,Market,113,113,0,55.31,0,0,0,5/1/2024 14:15,5/1/2024 14:16
415,RXST,Sell,Limit,56,56,0,62.29,0,0,61.95,5/1/2024 14:16,5/6/2024 9:31
416,CVNA,Buy,Market,71,71,0,88.61,0,0,0,5/1/2024 14:41,5/1/2024 14:42
418,CVNA,Sell,Limit,36,36,0,119.95,0,0,105.42,5/1/2024 14:42,5/2/2024 9:31
419,FTAI,Buy,Market,86,86,0,74.4,0,0,0,5/2/2024 10:50,5/2/2024 10:51
422,GOTU,Buy,Market,913,913,0,7.08,0,0,0,5/2/2024 11:10,5/2/2024 11:11
423,GOTU,Sell,Stop,913,913,0,6.65,0,6.65,0,5/2/2024 11:11,5/21/2024 9:31
425,MMYT,Buy,Market,92,92,0,69.55,0,0,0,5/2/2024 13:20,5/2/2024 13:21
427,MMYT,Sell,Limit,46,46,0,78.59,0,0,77.94,5/2/2024 13:21,5/15/2024 9:31
428,APP,Buy,Market,87,87,0,74.24,0,0,0,5/3/2024 9:51,5/3/2024 9:52
430,APP,Sell,Limit,44,44,0,84.33,0,0,84.33,5/3/2024 9:52,5/9/2024 9:40
431,CAVA,Buy,Market,90,90,0,72.33,0,0,0,5/3/2024 10:46,5/3/2024 10:47
434,MOD,Buy,Market,67,67,0,98,0,0,0,5/6/2024 9:54,5/6/2024 9:55
437,DELL,Buy,Market,50,50,0,130.32,0,0,0,5/8/2024 9:57,5/8/2024 9:58
439,DELL,Sell,Limit,25,25,0,146.03,0,0,146.03,5/8/2024 9:58,5/15/2024 11:39
440,JANX,Sell,Market,61,61,0,54.57,0,0,0,5/9/2024 9:31,5/9/2024 9:32
441,RNA,Buy,Market,247,247,0,27.07,0,0,0,5/9/2024 12:08,5/9/2024 12:09
442,RNA,Sell,Stop,247,247,0,26.2,0,26.2,0,5/9/2024 12:09,5/10/2024 9:39
444,OUST,Buy,Market,653,653,0,10.24,0,0,0,5/9/2024 13:04,5/9/2024 13:05
446,OUST,Sell,Limit,326,326,0,12.32,0,0,12.32,5/9/2024 13:05,5/10/2024 9:34
447,GME,Buy,Market,381,381,0,17.6,0,0,0,5/9/2024 15:36,5/9/2024 15:37
449,GME,Sell,Limit,190,190,0,26.34,0,0,24.38,5/9/2024 15:37,5/13/2024 9:31
450,SMR,Buy,Market,1059,1059,0,6.4,0,0,0,5/10/2024 9:39,5/10/2024 9:40
452,SMR,Sell,Limit,530,530,0,7.79,0,0,7.79,5/10/2024 9:40,5/15/2024 9:35
453,WGS,Buy,Market,310,310,0,22.29,0,0,0,5/13/2024 9:35,5/13/2024 9:36
454,WGS,Sell,Stop,310,310,0,20.51,0,20.55,0,5/13/2024 9:36,5/22/2024 9:31
456,TWST,Buy,Market,157,157,0,44.23,0,0,0,5/13/2024 9:38,5/13/2024 9:39
459,MRNA,Buy,Market,55,55,0,125.57,0,0,0,5/13/2024 13:12,5/13/2024 13:13
461,MRNA,Sell,Limit,28,28,0,143.68,0,0,143.68,5/13/2024 13:13,5/21/2024 15:57
462,RXST,Sell,Market,57,57,0,59.4,0,0,0,5/14/2024 9:31,5/14/2024 9:33
463,RNA,Buy,Market,265,265,0,27.59,0,0,0,5/14/2024 9:34,5/14/2024 9:35
466,ACB,Buy,Market,1014,1014,0,7.16,0,0,0,5/14/2024 9:37,5/14/2024 9:38
467,ACB,Sell,Stop,1014,1014,0,6.85,0,6.85,0,5/14/2024 9:38,5/15/2024 10:27
469,STOK,Buy,Market,593,593,0,12.32,0,0,0,5/14/2024 9:40,5/14/2024 9:41
470,STOK,Sell,Stop,593,593,0,11.75,0,11.75,0,5/14/2024 9:41,5/14/2024 10:06
472,PI,Buy,Market,44,44,0,164.84,0,0,0,5/14/2024 12:44,5/14/2024 12:46
475,STOK,Buy,Market,590,590,0,12.26,0,0,0,5/14/2024 14:43,5/14/2024 14:46
477,STOK,Sell,Limit,295,295,0,14.7,0,0,14.7,5/14/2024 14:46,5/15/2024 11:27
478,BMA,Buy,Market,112,112,0,64.96,0,0,0,5/15/2024 9:42,5/15/2024 9:43
479,BMA,Sell,Stop,112,112,0,63.9,0,63.93,0,5/15/2024 9:43,5/20/2024 9:57
481,TNDM,Buy,Market,159,159,0,45.49,0,0,0,5/15/2024 10:41,5/15/2024 10:42
483,TNDM,Sell,Limit,80,80,0,53.1,0,0,53.1,5/15/2024 10:42,5/29/2024 10:43
484,JMIA,Buy,Market,1115,1115,0,6.56,0,0,0,5/15/2024 14:29,5/15/2024 14:30
485,JMIA,Sell,Stop,1115,1115,0,5.89,0,5.89,0,5/15/2024 14:30,5/21/2024 9:50
487,CGC,Buy,Market,702,702,0,10.38,0,0,0,5/16/2024 9:37,5/16/2024 9:38
488,CGC,Sell,Stop,702,702,0,9.84,0,9.84,0,5/16/2024 9:38,5/16/2024 12:29
490,CGC,Buy,Market,697,697,0,10.36,0,0,0,5/16/2024 12:44,5/16/2024 12:45
491,CGC,Sell,Stop,697,697,0,9.72,0,9.72,0,5/16/2024 12:45,5/20/2024 9:55
493,CVNA,Sell,Market,35,35,0,118.13,0,0,0,5/17/2024 9:31,5/17/2024 9:32
494,SMR,Sell,Market,529,529,0,6.26,0,0,0,5/17/2024 9:31,5/17/2024 9:32
495,HOOD,Buy,Market,373,373,0,19.27,0,0,0,5/17/2024 9:54,5/17/2024 9:55
497,HOOD,Sell,Limit,186,186,0,22.91,0,0,22.91,5/17/2024 9:55,6/6/2024 9:45
498,ROOT,Buy,Market,108,108,0,67.08,0,0,0,5/17/2024 10:45,5/17/2024 10:46
499,ROOT,Sell,Stop,108,108,0,61.12,0,61.2,0,5/17/2024 10:46,5/21/2024 13:20
501,MOD,Sell,Market,67,67,0,102.75,0,0,0,5/20/2024 9:31,5/20/2024 9:32
503,GME,Sell,Market,191,191,0,21.54,0,0,0,5/20/2024 9:31,5/20/2024 9:32
502,FTAI,Sell,Market,86,86,0,78.48,0,0,0,5/20/2024 9:31,5/20/2024 9:34
504,SEMR,Buy,Market,447,447,0,15.98,0,0,0,5/20/2024 10:35,5/20/2024 10:36
505,SEMR,Sell,Stop,447,447,0,15.73,0,15.73,0,5/20/2024 10:36,5/23/2024 15:07
507,FTEL,Buy,Market,563,563,0,12.8,0,0,0,5/20/2024 12:21,5/20/2024 12:22
509,FTEL,Sell,Limit,282,282,0,32.57,0,0,20.26,5/20/2024 12:22,5/30/2024 11:06
508,FTEL,Sell,Stop,281,281,0,11.2,0,11.2,0,5/20/2024 12:22,5/30/2024 11:58
510,TWST,Sell,Market,157,157,0,44.69,0,0,0,5/21/2024 9:31,5/21/2024 9:32
511,SMTC,Buy,Market,173,173,0,40.88,0,0,0,5/21/2024 10:31,5/21/2024 10:32
512,SMTC,Sell,Stop,173,173,0,39.5,0,39.5,0,5/21/2024 10:32,5/23/2024 10:57
514,HROW,Buy,Market,409,409,0,17.31,0,0,0,5/22/2024 12:57,5/22/2024 12:58
517,APP,Sell,Market,43,43,0,81.01,0,0,0,5/23/2024 9:31,5/23/2024 9:32
518,MMYT,Sell,Market,46,46,0,79.69,0,0,0,5/23/2024 9:31,5/23/2024 9:32
519,OSCR,Sell,Market,179,179,0,22.39,0,0,0,5/23/2024 9:31,5/23/2024 9:32
520,OUST,Sell,Market,327,327,0,11.55,0,0,0,5/23/2024 9:31,5/23/2024 9:32
521,CDNA,Buy,Market,447,447,0,15.94,0,0,0,5/23/2024 11:38,5/23/2024 11:39
522,CDNA,Sell,Stop,447,447,0,15.01,0,15.01,0,5/23/2024 11:39,5/29/2024 9:35
527,RNA,Sell,Market,265,265,0,27.5,0,0,0,5/24/2024 9:31,5/24/2024 9:32
526,CAVA,Sell,Market,90,90,0,79.07,0,0,0,5/24/2024 9:31,5/24/2024 9:33
524,EVER,Sell,Market,155,155,0,24.17,0,0,0,5/24/2024 9:31,5/24/2024 9:35
525,PI,Sell,Market,44,44,0,169.7,0,0,0,5/24/2024 9:31,5/24/2024 9:35
528,ZIM,Buy,Market,349,349,0,20.25,0,0,0,5/24/2024 9:33,5/24/2024 9:34
529,ZIM,Sell,Stop,349,349,0,19.41,0,19.41,0,5/24/2024 9:34,6/6/2024 13:49
531,ASPN,Buy,Market,252,252,0,27.99,0,0,0,5/24/2024 9:35,5/24/2024 9:36
532,ASPN,Sell,Stop,252,252,0,27.7,0,27.7,0,5/24/2024 9:36,5/24/2024 9:38
534,MGNI,Buy,Market,575,575,0,12.31,0,0,0,5/24/2024 9:37,5/24/2024 9:38
537,ASPN,Buy,Market,253,253,0,27.97,0,0,0,5/24/2024 9:40,5/24/2024 9:41
539,ASPN,Sell,Limit,126,126,0,31.24,0,0,31.24,5/24/2024 9:41,6/5/2024 10:25
540,HIMS,Buy,Market,413,413,0,17.44,0,0,0,5/28/2024 9:33,5/28/2024 9:34
542,HIMS,Sell,Limit,206,206,0,21.4,0,0,21.4,5/28/2024 9:34,5/30/2024 11:33
543,DESP,Buy,Market,463,463,0,15.39,0,0,0,5/28/2024 10:05,5/28/2024 10:06
544,DESP,Sell,Stop,463,463,0,14.91,0,14.91,0,5/28/2024 10:06,5/29/2024 9:31
546,STOK,Sell,Market,295,295,0,13.83,0,0,0,5/29/2024 9:31,5/29/2024 9:35
547,SMTC,Buy,Market,167,167,0,42.44,0,0,0,5/29/2024 9:36,5/29/2024 9:37
548,SMTC,Sell,Stop,167,167,0,40.01,0,40.01,0,5/29/2024 9:37,5/30/2024 10:13
550,BLBD,Buy,Market,128,128,0,56,0,0,0,5/30/2024 9:38,5/30/2024 9:39
551,BLBD,Sell,Stop,128,128,0,55.21,0,55.21,0,5/30/2024 9:39,5/31/2024 10:31
553,TMDX,Sell,Market,33,33,0,138.94,0,0,0,5/31/2024 9:31,5/31/2024 9:32
554,MRNA,Sell,Market,27,27,0,138.52,0,0,0,6/3/2024 9:31,6/3/2024 9:32
555,DELL,Sell,Market,25,25,0,139.58,0,0,0,6/3/2024 9:31,6/3/2024 9:32
556,IREN,Buy,Market,835,835,0,8.78,0,0,0,6/3/2024 9:33,6/3/2024 9:34
557,IREN,Sell,Stop,835,835,0,8.2,0,8.2,0,6/3/2024 9:34,6/3/2024 13:10
559,NVAX,Buy,Market,463,463,0,15.78,0,0,0,6/3/2024 9:40,6/3/2024 9:41
561,NVAX,Sell,Limit,232,232,0,20.6,0,0,20.6,6/3/2024 9:41,6/5/2024 10:20
562,DESP,Buy,Market,468,468,0,15.56,0,0,0,6/3/2024 9:45,6/3/2024 9:46
563,DESP,Sell,Stop,468,468,0,15.2,0,15.2,0,6/3/2024 9:46,6/3/2024 10:11
565,HROW,Sell,Market,409,409,0,16.73,0,0,0,6/4/2024 9:31,6/4/2024 9:32
566,WGS,Buy,Market,325,325,0,22.3,0,0,0,6/4/2024 10:47,6/4/2024 10:48
568,WGS,Sell,Limit,162,162,0,27.43,0,0,27.42,6/4/2024 10:48,6/6/2024 9:31
569,TNDM,Sell,Market,79,79,0,51.35,0,0,0,6/5/2024 9:31,6/5/2024 9:32
570,SG,Buy,Market,227,227,0,32.24,0,0,0,6/5/2024 9:34,6/5/2024 9:35
571,SG,Sell,Stop,227,227,0,31.28,0,31.28,0,6/5/2024 9:35,6/5/2024 9:40
573,SG,Buy,Market,232,232,0,32,0,0,0,6/5/2024 10:26,6/5/2024 10:27
576,APP,Buy,Market,87,87,0,85.86,0,0,0,6/6/2024 9:42,6/6/2024 9:43
577,APP,Sell,Stop,87,87,0,83.59,0,83.59,0,6/6/2024 9:43,6/6/2024 10:01
579,CRDO,Buy,Market,278,278,0,26.59,0,0,0,6/7/2024 9:38,6/7/2024 9:39
582,INSM,Buy,Market,125,125,0,59.08,0,0,0,6/10/2024 12:54,6/10/2024 12:55
585,NVAX,Sell,Market,231,231,0,16.21,0,0,0,6/11/2024 9:31,6/11/2024 9:32
586,FSLR,Buy,Market,25,25,0,287.75,0,0,0,6/11/2024 9:34,6/11/2024 9:35
587,FSLR,Sell,Stop,25,25,0,277.91,0,277.91,0,6/11/2024 9:35,6/11/2024 10:01
589,MRUS,Buy,Market,134,134,0,54.85,0,0,0,6/11/2024 9:41,6/11/2024 9:42
592,ONON,Buy,Market,166,166,0,44.06,0,0,0,6/11/2024 9:42,6/11/2024 9:43
593,ONON,Sell,Stop,166,166,0,43.12,0,43.12,0,6/11/2024 9:43,6/11/2024 12:23
595,FSLR,Buy,Market,25,25,0,285.99,0,0,0,6/11/2024 11:26,6/11/2024 11:27
596,FSLR,Sell,Stop,25,25,0,275.42,0,275.42,0,6/11/2024 11:27,6/14/2024 12:19
598,ONON,Buy,Market,168,168,0,43.87,0,0,0,6/11/2024 13:55,6/11/2024 13:56
599,ONON,Sell,Stop,168,168,0,43.1,0,43.1,0,6/11/2024 13:56,6/12/2024 14:01
601,ASTS,Buy,Market,781,781,0,9.5,0,0,0,6/11/2024 14:18,6/11/2024 14:19
604,ASPN,Sell,Market,127,127,0,30.87,0,0,0,6/12/2024 9:31,6/12/2024 9:32
605,CDNA,Buy,Market,477,477,0,15.68,0,0,0,6/12/2024 9:33,6/12/2024 9:34
606,AMSC,Buy,Market,315,315,0,23.94,0,0,0,6/12/2024 9:33,6/12/2024 9:34
607,CDNA,Sell,Stop,477,477,0,15.47,0,15.47,0,6/12/2024 9:34,6/12/2024 10:06
609,AMSC,Sell,Stop,315,315,0,23.03,0,23.03,0,6/12/2024 9:34,6/24/2024 11:27
611,HROW,Buy,Market,401,401,0,18.62,0,0,0,6/12/2024 9:36,6/12/2024 9:37
612,HROW,Sell,Stop,401,401,0,18.33,0,18.34,0,6/12/2024 9:37,6/12/2024 12:24
614,TWST,Buy,Market,137,137,0,54.66,0,0,0,6/12/2024 9:41,6/12/2024 9:42
615,TWST,Sell,Stop,137,137,0,53.1,0,53.1,0,6/12/2024 9:42,6/12/2024 9:58
617,BLBD,Buy,Market,128,128,0,58.48,0,0,0,6/12/2024 10:08,6/12/2024 10:09
618,BLBD,Sell,Stop,128,128,0,57.28,0,57.34,0,6/12/2024 10:09,6/13/2024 9:57
620,CDNA,Buy,Market,476,476,0,15.78,0,0,0,6/12/2024 13:15,6/12/2024 13:16
621,CDNA,Sell,Stop,476,476,0,15.39,0,15.39,0,6/12/2024 13:16,6/12/2024 14:33
623,HOOD,Sell,Market,187,187,0,22.54,0,0,0,6/17/2024 9:31,6/17/2024 9:32
624,SG,Sell,Market,232,232,0,31.8,0,0,0,6/17/2024 9:31,6/17/2024 9:32
625,TMDX,Buy,Market,50,50,0,146.93,0,0,0,6/17/2024 9:52,6/17/2024 9:53
626,TMDX,Sell,Stop,50,50,0,141.3,0,141.3,0,6/17/2024 9:53,6/17/2024 11:40
628,CAVA,Buy,Market,80,80,0,93.29,0,0,0,6/17/2024 12:20,6/17/2024 12:21
629,CAVA,Sell,Stop,80,80,0,89.19,0,89.19,0,6/17/2024 12:21,6/21/2024 9:32
631,CHWY,Buy,Market,317,317,0,23.6,0,0,0,6/18/2024 9:37,6/18/2024 9:38
633,CHWY,Sell,Limit,158,158,0,27.12,0,0,27.12,6/18/2024 9:38,6/24/2024 12:38
634,MGNI,Sell,Market,575,575,0,13.2,0,0,0,6/20/2024 9:31,6/20/2024 9:32
635,MRUS,Sell,Market,134,134,0,53.96,0,0,0,6/20/2024 9:31,6/20/2024 9:32
636,HIMS,Sell,Market,207,207,0,22.43,0,0,0,6/21/2024 9:31,6/21/2024 9:32
637,WGS,Sell,Market,163,163,0,27.06,0,0,0,6/21/2024 9:31,6/21/2024 9:32
638,ASTS,Sell,Market,781,781,0,10.37,0,0,0,6/24/2024 9:31,6/24/2024 9:32
639,CRDO,Sell,Market,278,278,0,27.1,0,0,0,6/24/2024 9:31,6/24/2024 9:32
640,CVNA,Buy,Market,64,64,0,113.82,0,0,0,6/24/2024 9:33,6/24/2024 9:34
641,CVNA,Sell,Stop,64,64,0,112.95,0,112.95,0,6/24/2024 9:34,6/24/2024 9:35
643,CVNA,Buy,Market,65,65,0,113.34,0,0,0,6/24/2024 9:38,6/24/2024 9:39
644,CVNA,Sell,Stop,65,65,0,112.28,0,112.28,0,6/24/2024 9:39,6/24/2024 9:46
646,CVNA,Buy,Market,65,65,0,113.53,0,0,0,6/24/2024 9:52,6/24/2024 9:53
648,CVNA,Sell,Limit,32,32,0,133.38,0,0,133.38,6/24/2024 9:53,6/27/2024 9:54
649,VITL,Buy,Market,168,168,0,43.76,0,0,0,6/24/2024 12:23,6/24/2024 12:24
652,ENVX,Buy,Market,517,517,0,14.36,0,0,0,6/25/2024 9:35,6/25/2024 9:36
654,ENVX,Sell,Limit,258,258,0,17.77,0,0,17.77,6/25/2024 9:36,7/10/2024 9:38
655,MMYT,Buy,Market,88,88,0,84.38,0,0,0,6/25/2024 9:42,6/25/2024 9:43
656,MMYT,Sell,Stop,88,88,0,81.59,0,81.59,0,6/25/2024 9:43,6/26/2024 10:30
658,USM,Buy,Market,136,136,0,54.73,0,0,0,6/26/2024 15:20,6/26/2024 15:22
661,CRDO,Buy,Market,247,247,0,30.29,0,0,0,6/27/2024 9:34,6/27/2024 9:35
662,CRDO,Sell,Stop,247,247,0,29.79,0,29.79,0,6/27/2024 9:35,6/27/2024 10:09
664,MRUS,Buy,Market,128,128,0,58.37,0,0,0,6/27/2024 10:07,6/27/2024 10:08
665,MRUS,Sell,Stop,128,128,0,52.79,0,55.75,0,6/27/2024 10:08,7/1/2024 9:31
667,CRDO,Buy,Market,249,249,0,30.12,0,0,0,6/27/2024 10:13,6/27/2024 10:14
670,CDNA,Buy,Market,500,500,0,15.13,0,0,0,6/28/2024 9:35,6/28/2024 9:36
671,CDNA,Sell,Stop,500,500,0,14.52,0,14.52,0,6/28/2024 9:36,6/28/2024 9:43
673,EBS,Buy,Market,1040,1040,0,7.2,0,0,0,6/28/2024 9:43,6/28/2024 9:44
674,EBS,Sell,Stop,1040,1040,0,6.99,0,6.99,0,6/28/2024 9:44,6/28/2024 11:14
676,CDNA,Buy,Market,496,496,0,15,0,0,0,6/28/2024 12:23,6/28/2024 12:25
677,CDNA,Sell,Stop,496,496,0,14.41,0,14.41,0,6/28/2024 12:25,7/5/2024 9:31
679,MMYT,Buy,Market,85,85,0,86.6,0,0,0,7/1/2024 14:17,7/1/2024 14:19
682,INSM,Sell,Market,125,125,0,66.27,0,0,0,7/2/2024 9:31,7/2/2024 9:32
683,CHWY,Sell,Market,159,159,0,24.85,0,0,0,7/2/2024 9:31,7/2/2024 9:32
684,GDS,Buy,Market,760,760,0,9.69,0,0,0,7/2/2024 11:20,7/2/2024 11:21
686,GDS,Sell,Limit,380,380,0,10.94,0,0,10.93,7/2/2024 11:21,7/3/2024 10:01
687,FIP,Buy,Market,816,816,0,9.02,0,0,0,7/2/2024 15:18,7/2/2024 15:19
690,VITL,Sell,Market,168,168,0,44.17,0,0,0,7/3/2024 9:31,7/3/2024 9:32
691,AMSC,Buy,Market,287,287,0,25.79,0,0,0,7/3/2024 9:33,7/3/2024 9:34
693,AMSC,Sell,Limit,144,144,0,30.95,0,0,30.95,7/3/2024 9:34,7/15/2024 14:33
694,APP,Buy,Market,86,86,0,85.72,0,0,0,7/3/2024 10:06,7/3/2024 10:07
695,APP,Sell,Stop,86,86,0,83.65,0,83.65,0,7/3/2024 10:07,7/8/2024 9:47
697,SMR,Buy,Market,605,605,0,12.35,0,0,0,7/5/2024 10:01,7/5/2024 10:02
699,SMR,Sell,Limit,302,302,0,16.75,0,0,16.66,7/5/2024 10:02,7/15/2024 9:31
700,ARQT,Buy,Market,748,748,0,9.94,0,0,0,7/5/2024 10:27,7/5/2024 10:28
701,ARQT,Sell,Stop,748,748,0,9.43,0,9.43,0,7/5/2024 10:28,7/10/2024 10:47
703,INOD,Buy,Market,470,470,0,15.94,0,0,0,7/8/2024 9:46,7/8/2024 9:47
704,MIRM,Buy,Market,213,213,0,35.09,0,0,0,7/8/2024 9:46,7/8/2024 9:47
708,MIRM,Sell,Limit,106,106,0,39.53,0,0,39.53,7/8/2024 9:47,7/12/2024 14:07
706,INOD,Sell,Limit,235,235,0,18.58,0,0,18.58,7/8/2024 9:47,7/15/2024 9:42
709,HIMX,Buy,Market,931,931,0,8.04,0,0,0,7/8/2024 9:53,7/8/2024 9:54
710,HIMX,Sell,Stop,931,931,0,7.82,0,7.82,0,7/8/2024 9:54,7/17/2024 10:04
712,EWTX,Buy,Market,379,379,0,19.9,0,0,0,7/8/2024 9:58,7/8/2024 9:59
715,CAVA,Buy,Market,77,77,0,97.92,0,0,0,7/8/2024 11:21,7/8/2024 11:22
718,CLS,Buy,Market,126,126,0,59.94,0,0,0,7/8/2024 11:22,7/8/2024 11:23
716,CAVA,Sell,Stop,77,77,0,95.05,0,95.05,0,7/8/2024 11:22,7/8/2024 14:21
719,CLS,Sell,Stop,126,126,0,57.79,0,57.79,0,7/8/2024 11:23,7/17/2024 10:12
721,CVNA,Sell,Market,33,33,0,122.53,0,0,0,7/9/2024 9:31,7/9/2024 9:32
722,WGS,Buy,Market,256,256,0,29.79,0,0,0,7/9/2024 13:11,7/9/2024 13:16
725,CVNA,Buy,Market,57,57,0,134.01,0,0,0,7/10/2024 9:37,7/10/2024 9:38
726,TWST,Buy,Market,148,148,0,51.92,0,0,0,7/10/2024 9:37,7/10/2024 9:38
729,TWST,Sell,Stop,148,148,0,50.99,0,50.99,0,7/10/2024 9:38,7/10/2024 9:52
727,CVNA,Sell,Stop,57,57,0,129.5,0,129.5,0,7/10/2024 9:38,7/10/2024 10:30
731,CRDO,Sell,Market,249,249,0,31.36,0,0,0,7/11/2024 9:31,7/11/2024 9:32
732,USM,Sell,Market,136,136,0,56.02,0,0,0,7/11/2024 9:31,7/11/2024 9:34
733,AOSL,Buy,Market,195,195,0,39.29,0,0,0,7/11/2024 9:34,7/11/2024 9:35
734,AOSL,Sell,Stop,195,195,0,38.7,0,38.7,0,7/11/2024 9:35,7/11/2024 9:43
736,AOSL,Buy,Market,194,194,0,39.22,0,0,0,7/11/2024 10:02,7/11/2024 10:03
737,AOSL,Sell,Stop,194,194,0,38.38,0,38.38,0,7/11/2024 10:03,7/11/2024 12:52
739,CRBP,Buy,Market,143,143,0,52.52,0,0,0,7/11/2024 10:20,7/11/2024 10:21
742,MOD,Buy,Market,70,70,0,109,0,0,0,7/11/2024 10:31,7/11/2024 10:32
743,NRIX,Buy,Market,347,347,0,21.97,0,0,0,7/11/2024 10:31,7/11/2024 10:32
748,BCRX,Buy,Market,1119,1119,0,6.85,0,0,0,7/11/2024 10:38,7/11/2024 10:39
750,BCRX,Sell,Limit,560,560,0,7.69,0,0,7.69,7/11/2024 10:39,7/25/2024 11:54
751,DAKT,Buy,Market,548,548,0,13.96,0,0,0,7/11/2024 10:57,7/11/2024 10:58
754,AOSL,Buy,Market,194,194,0,39.33,0,0,0,7/11/2024 15:33,7/11/2024 15:34
756,AOSL,Sell,Limit,97,97,0,44.76,0,0,44.76,7/11/2024 15:34,7/15/2024 11:12
757,MMYT,Sell,Market,85,85,0,86.58,0,0,0,7/12/2024 9:31,7/12/2024 9:32
758,ASTS,Buy,Market,622,622,0,12.53,0,0,0,7/12/2024 10:40,7/12/2024 10:41
761,FIP,Sell,Market,816,816,0,9.16,0,0,0,7/15/2024 9:31,7/15/2024 9:33
762,CDNA,Buy,Market,489,489,0,16.6,0,0,0,7/16/2024 9:33,7/16/2024 9:34
764,CDNA,Sell,Limit,244,244,0,19.68,0,0,19.68,7/16/2024 9:34,7/31/2024 14:19
765,ARLO,Buy,Market,465,465,0,17.44,0,0,0,7/16/2024 9:35,7/16/2024 9:36
766,ARLO,Sell,Stop,465,465,0,16.87,0,16.87,0,7/16/2024 9:36,7/16/2024 13:25
768,MOD,Sell,Market,70,70,0,108,0,0,0,7/18/2024 9:31,7/18/2024 9:32
769,RGS,Buy,Market,350,350,0,22.67,0,0,0,7/18/2024 9:58,7/18/2024 9:59
771,RGS,Sell,Limit,175,175,0,28.35,0,0,28.31,7/18/2024 9:59,7/19/2024 14:54
772,GDS,Sell,Market,380,380,0,11.49,0,0,0,7/19/2024 9:31,7/19/2024 9:32
773,AMSC,Sell,Market,143,143,0,25.72,0,0,0,7/19/2024 9:31,7/19/2024 9:32
774,ASTS,Sell,Market,622,622,0,12.3,0,0,0,7/19/2024 9:31,7/19/2024 9:32
776,ENVX,Sell,Market,259,259,0,15.85,0,0,0,7/19/2024 9:31,7/19/2024 9:32
777,EWTX,Sell,Market,379,379,0,21.29,0,0,0,7/19/2024 9:31,7/19/2024 9:32
778,MIRM,Sell,Market,107,107,0,37.44,0,0,0,7/19/2024 9:31,7/19/2024 9:32
779,NRIX,Sell,Market,347,347,0,21.37,0,0,0,7/19/2024 9:31,7/19/2024 9:32
780,SMR,Sell,Market,303,303,0,12.58,0,0,0,7/19/2024 9:31,7/19/2024 9:32
775,CRBP,Sell,Market,143,143,0,53.35,0,0,0,7/19/2024 9:31,7/19/2024 9:33
781,KOSS,Buy,Market,689,689,0,11.19,0,0,0,7/19/2024 11:51,7/19/2024 11:52
782,KOSS,Sell,Stop,689,689,0,9.58,0,9.58,0,7/19/2024 11:52,7/19/2024 12:42
784,INOD,Sell,Market,235,235,0,18.19,0,0,0,7/22/2024 9:31,7/22/2024 9:32
785,WGS,Sell,Market,256,256,0,31.87,0,0,0,7/22/2024 9:31,7/22/2024 9:32
786,JMIA,Buy,Market,579,579,0,13.37,0,0,0,7/22/2024 11:14,7/22/2024 11:15
787,JMIA,Sell,Stop,579,579,0,12.52,0,12.52,0,7/22/2024 11:15,7/24/2024 9:59
789,EBS,Buy,Market,637,637,0,12.28,0,0,0,7/23/2024 11:19,7/23/2024 11:20
792,APEI,Buy,Market,395,395,0,19.82,0,0,0,7/24/2024 10:49,7/24/2024 10:50
793,APEI,Sell,Stop,395,395,0,19.23,0,19.23,0,7/24/2024 10:50,7/25/2024 14:44
795,AOSL,Sell,Market,97,97,0,43.34,0,0,0,7/25/2024 9:31,7/25/2024 9:32
796,ASTS,Buy,Market,542,542,0,14.5,0,0,0,7/25/2024 9:52,7/25/2024 9:53
798,ASTS,Sell,Limit,271,271,0,18.15,0,0,18.15,7/25/2024 9:53,7/26/2024 9:39
799,CDMO,Buy,Market,801,801,0,9.91,0,0,0,7/25/2024 12:16,7/25/2024 12:17
802,NVAX,Buy,Market,476,476,0,16.68,0,0,0,7/25/2024 12:21,7/25/2024 12:22
803,NVAX,Sell,Stop,476,476,0,14.36,0,15.41,0,7/25/2024 12:22,7/30/2024 9:31
805,HUMA,Buy,Market,934,934,0,8.62,0,0,0,7/26/2024 9:38,7/26/2024 9:39
806,HUMA,Sell,Stop,934,934,0,8.3,0,8.3,0,7/26/2024 9:39,7/26/2024 10:51
808,DAKT,Sell,Market,548,548,0,14.7,0,0,0,7/30/2024 9:31,7/30/2024 9:33
809,BCRX,Sell,Market,559,559,0,7.45,0,0,0,7/31/2024 9:31,7/31/2024 9:32
810,EBS,Sell,Market,637,637,0,12.11,0,0,0,7/31/2024 9:31,7/31/2024 9:32
811,RGS,Sell,Market,175,175,0,25.27,0,0,0,7/31/2024 9:31,7/31/2024 9:32
812,HUMA,Buy,Market,906,906,0,8.59,0,0,0,7/31/2024 9:48,7/31/2024 9:49
813,HUMA,Sell,Stop,906,906,0,8.12,0,8.12,0,7/31/2024 9:49,8/2/2024 9:31
815,KYMR,Buy,Market,172,172,0,45.34,0,0,0,7/31/2024 12:53,7/31/2024 12:54
816,KYMR,Sell,Stop,172,172,0,41.53,0,42.66,0,7/31/2024 12:54,8/2/2024 9:31
818,ZETA,Buy,Market,322,322,0,24.47,0,0,0,8/1/2024 9:34,8/1/2024 9:35
819,ZETA,Sell,Stop,322,322,0,23.23,0,23.23,0,8/1/2024 9:35,8/1/2024 12:49
821,ZETA,Buy,Market,334,334,0,23.55,0,0,0,8/1/2024 12:53,8/1/2024 12:54
822,ZETA,Sell,Stop,334,334,0,22.33,0,23.22,0,8/1/2024 12:54,8/2/2024 9:31
824,CDMO,Sell,Market,801,801,0,10.42,0,0,0,8/8/2024 9:31,8/8/2024 9:32
825,CDMO,Buy,Market,716,716,0,10.95,0,0,0,8/9/2024 11:05,8/9/2024 11:06
826,CDMO,Sell,Stop,716,716,0,10.36,0,10.36,0,8/9/2024 11:06,8/14/2024 12:23
828,ASTS,Sell,Market,271,271,0,19.93,0,0,0,8/13/2024 9:31,8/13/2024 9:32
829,CVNA,Buy,Market,55,55,0,141.33,0,0,0,8/13/2024 9:39,8/13/2024 9:40
832,OMCL,Buy,Market,189,189,0,41.41,0,0,0,8/13/2024 10:56,8/13/2024 10:57
835,RKT,Buy,Market,421,421,0,18.55,0,0,0,8/13/2024 10:58,8/13/2024 10:59
838,ASTS,Buy,Market,342,342,0,22.85,0,0,0,8/15/2024 9:35,8/15/2024 9:36
840,ASTS,Sell,Limit,171,171,0,30.69,0,0,30.69,8/15/2024 9:36,8/15/2024 12:59
841,REAX,Buy,Market,1289,1289,0,6.07,0,0,0,8/15/2024 9:56,8/15/2024 9:57
844,RVLV,Buy,Market,332,332,0,23.88,0,0,0,8/15/2024 11:03,8/15/2024 11:04
847,PTGX,Buy,Market,193,193,0,41.35,0,0,0,8/16/2024 12:02,8/16/2024 12:03
850,TGTX,Buy,Market,366,366,0,21.94,0,0,0,8/16/2024 12:18,8/16/2024 12:19
853,WIX,Buy,Market,49,49,0,164.92,0,0,0,8/16/2024 15:20,8/16/2024 15:21
854,WIX,Sell,Stop,49,49,0,161.63,0,161.63,0,8/16/2024 15:21,8/27/2024 9:31
856,OCUL,Buy,Market,966,966,0,8.46,0,0,0,8/19/2024 9:56,8/19/2024 9:57
859,CYH,Buy,Market,1599,1599,0,5.13,0,0,0,8/19/2024 10:12,8/19/2024 10:13
860,CYH,Sell,Stop,1599,1599,0,4.91,0,4.91,0,8/19/2024 10:13,8/20/2024 10:29
862,NRIX,Buy,Market,360,360,0,22.8,0,0,0,8/19/2024 11:53,8/19/2024 11:54
865,AGIO,Buy,Market,178,178,0,45.92,0,0,0,8/21/2024 11:28,8/21/2024 11:29
866,AGIO,Sell,Stop,178,178,0,44.97,0,44.97,0,8/21/2024 11:29,8/28/2024 11:33
868,TBBK,Buy,Market,161,161,0,50.95,0,0,0,8/22/2024 9:40,8/22/2024 9:41
871,YOU,Buy,Market,286,286,0,28.56,0,0,0,8/22/2024 10:24,8/22/2024 10:25
874,REAX,Sell,Market,1289,1289,0,6.13,0,0,0,8/23/2024 9:31,8/23/2024 9:32
875,LUMN,Buy,Market,1245,1245,0,6.57,0,0,0,8/23/2024 9:41,8/23/2024 9:42
876,LUMN,Sell,Stop,1245,1245,0,6.07,0,6.07,0,8/23/2024 9:42,8/26/2024 9:40
878,LTH,Buy,Market,335,335,0,24.38,0,0,0,8/23/2024 10:02,8/23/2024 10:03
881,CYH,Buy,Market,1621,1621,0,5.07,0,0,0,8/23/2024 10:12,8/23/2024 10:13
883,CYH,Sell,Limit,810,810,0,5.74,0,0,5.74,8/23/2024 10:13,9/6/2024 14:46
884,KNSA,Buy,Market,307,307,0,26.7,0,0,0,8/23/2024 10:15,8/23/2024 10:17
887,MIRM,Buy,Market,195,195,0,42.26,0,0,0,8/26/2024 10:16,8/26/2024 10:17
888,MIRM,Sell,Stop,195,195,0,41.12,0,41.12,0,8/26/2024 10:17,8/29/2024 9:37
890,TGTX,Sell,Market,366,366,0,23.1,0,0,0,8/28/2024 9:31,8/28/2024 9:32
891,ASTS,Sell,Market,171,171,0,30.16,0,0,0,8/28/2024 9:31,8/28/2024 9:32
892,RVLV,Sell,Market,332,332,0,23.16,0,0,0,8/28/2024 9:31,8/28/2024 9:32
893,CHWY,Buy,Market,290,290,0,28.1,0,0,0,8/28/2024 9:39,8/28/2024 9:40
896,CDNA,Sell,Market,245,245,0,30.42,0,0,0,8/29/2024 9:31,8/29/2024 9:32
897,CVNA,Sell,Market,55,55,0,156,0,0,0,8/29/2024 9:31,8/29/2024 9:32
899,LTH,Sell,Market,335,335,0,23.98,0,0,0,8/29/2024 9:31,8/29/2024 9:32
900,RKT,Sell,Market,421,421,0,19.86,0,0,0,8/29/2024 9:31,8/29/2024 9:32
898,KNSA,Sell,Market,307,307,0,26.4,0,0,0,8/29/2024 9:31,8/29/2024 9:35
901,OCUL,Sell,Market,966,966,0,8.69,0,0,0,8/30/2024 9:31,8/30/2024 9:32
902,ANAB,Buy,Market,212,212,0,38.34,0,0,0,9/3/2024 9:49,9/3/2024 9:51
903,ANAB,Sell,Stop,212,212,0,37.21,0,37.22,0,9/3/2024 9:51,9/3/2024 11:48
906,PTGX,Sell,Market,193,193,0,41.11,0,0,0,9/4/2024 9:31,9/4/2024 9:32
905,OMCL,Sell,Market,189,189,0,43.97,0,0,0,9/4/2024 9:31,9/4/2024 9:40
907,CHWY,Sell,Market,290,290,0,27.21,0,0,0,9/5/2024 9:31,9/5/2024 9:32
908,TBBK,Sell,Market,161,161,0,49.8,0,0,0,9/5/2024 9:31,9/5/2024 9:33
909,NRIX,Sell,Market,360,360,0,24.49,0,0,0,9/6/2024 9:31,9/6/2024 9:32
910,YOU,Sell,Market,286,286,0,29.15,0,0,0,9/6/2024 9:31,9/6/2024 9:32
911,BVS,Buy,Market,798,798,0,10.09,0,0,0,9/9/2024 10:07,9/9/2024 10:08
913,BVS,Sell,Limit,399,399,0,11.45,0,0,11.45,9/9/2024 10:08,9/16/2024 9:31
914,CYH,Sell,Market,811,811,0,5.34,0,0,0,9/11/2024 9:31,9/11/2024 9:32
915,APP,Buy,Market,86,86,0,92.82,0,0,0,9/11/2024 12:06,9/11/2024 12:07
917,APP,Sell,Limit,43,43,0,105.22,0,0,105.22,9/11/2024 12:07,9/12/2024 13:29
919,CSTL,Buy,Market,265,265,0,30.3,0,0,0,9/11/2024 13:48,9/11/2024 13:49
918,BMA,Buy,Market,124,124,0,65.03,0,0,0,9/11/2024 13:48,9/11/2024 13:50
923,BMA,Sell,Limit,62,62,0,75.77,0,0,75.77,9/11/2024 13:50,9/19/2024 13:30
924,ONON,Buy,Market,174,174,0,46.3,0,0,0,9/11/2024 15:41,9/11/2024 15:42
927,NEON,Buy,Market,956,956,0,8.48,0,0,0,9/12/2024 9:38,9/12/2024 9:39
929,NEON,Sell,Limit,478,478,0,11.09,0,0,11.09,9/12/2024 9:39,9/17/2024 10:27
930,ANAB,Buy,Market,216,216,0,37.56,0,0,0,9/12/2024 14:09,9/12/2024 14:10
933,SATS,Buy,Market,354,354,0,23.14,0,0,0,9/13/2024 11:26,9/13/2024 11:27
935,SATS,Sell,Limit,177,177,0,27.22,0,0,27.22,9/13/2024 11:27,9/27/2024 9:32
936,TVTX,Buy,Market,620,620,0,13.2,0,0,0,9/13/2024 14:35,9/13/2024 14:36
939,KYMR,Buy,Market,174,174,0,47.73,0,0,0,9/16/2024 10:02,9/16/2024 10:03
940,KYMR,Sell,Stop,174,174,0,46,0,46,0,9/16/2024 10:03,9/18/2024 12:05
942,TGTX,Buy,Market,340,340,0,24.48,0,0,0,9/16/2024 11:43,9/16/2024 11:44
943,TGTX,Sell,Stop,340,340,0,23.46,0,23.46,0,9/16/2024 11:44,9/23/2024 12:32
945,NOVA,Buy,Market,707,707,0,11.84,0,0,0,9/16/2024 12:59,9/16/2024 13:00
946,NOVA,Sell,Stop,707,707,0,10.92,0,10.92,0,9/16/2024 13:00,9/20/2024 14:31
948,CRGX,Buy,Market,362,362,0,23.35,0,0,0,9/17/2024 10:09,9/17/2024 10:10
949,CRGX,Sell,Stop,362,362,0,22.52,0,22.52,0,9/17/2024 10:10,9/23/2024 9:51
951,SAVA,Buy,Market,282,282,0,30.18,0,0,0,9/17/2024 13:59,9/17/2024 14:00
952,SAVA,Sell,Stop,282,282,0,28.31,0,28.31,0,9/17/2024 14:00,9/23/2024 10:08
954,SMTC,Buy,Market,199,199,0,42.66,0,0,0,9/17/2024 15:53,9/17/2024 15:54
956,SMTC,Sell,Limit,100,100,0,49.2,0,0,48.73,9/17/2024 15:54,9/26/2024 9:31
957,SPRY,Buy,Market,637,637,0,13.54,0,0,0,9/18/2024 9:46,9/18/2024 9:47
960,HRTG,Buy,Market,536,536,0,16.05,0,0,0,9/18/2024 11:01,9/18/2024 11:02
961,HRTG,Sell,Stop,536,536,0,15.24,0,15.24,0,9/18/2024 11:02,9/23/2024 10:14
963,APLD,Buy,Market,1311,1311,0,6.5,0,0,0,9/18/2024 12:46,9/18/2024 12:47
964,APLD,Sell,Stop,1311,1311,0,5.74,0,5.74,0,9/18/2024 12:47,9/19/2024 12:42
966,IOT,Buy,Market,180,180,0,47.96,0,0,0,9/18/2024 14:25,9/18/2024 14:26
969,HROW,Buy,Market,188,188,0,46.15,0,0,0,9/18/2024 14:33,9/18/2024 14:34
972,ANAB,Sell,Market,216,216,0,37.7,0,0,0,9/19/2024 9:31,9/19/2024 9:32
973,PSNL,Buy,Market,1400,1400,0,6.13,0,0,0,9/19/2024 10:01,9/19/2024 10:02
974,PSNL,Sell,Stop,1400,1400,0,5.62,0,5.62,0,9/19/2024 10:02,9/20/2024 11:17
976,KYMR,Buy,Market,174,174,0,49.24,0,0,0,9/19/2024 10:38,9/19/2024 10:39
979,AUR,Buy,Market,1659,1659,0,5.16,0,0,0,9/19/2024 13:42,9/19/2024 13:43
982,GDS,Buy,Market,454,454,0,18.83,0,0,0,9/19/2024 13:43,9/19/2024 13:44
981,AUR,Sell,Limit,830,830,0,6.34,0,0,6.34,9/19/2024 13:43,9/24/2024 15:58
984,GDS,Sell,Limit,227,227,0,21.99,0,0,21.76,9/19/2024 13:44,9/24/2024 9:31
985,RKLB,Buy,Market,1122,1122,0,7.56,0,0,0,9/20/2024 9:50,9/20/2024 9:51
987,RKLB,Sell,Limit,561,561,0,8.95,0,0,8.95,9/20/2024 9:51,9/26/2024 9:38
988,CSTL,Sell,Market,265,265,0,30,0,0,0,9/24/2024 9:31,9/24/2024 9:41
989,AAOI,Buy,Market,558,558,0,15.15,0,0,0,9/24/2024 9:38,9/24/2024 9:39
990,AAOI,Sell,Stop,558,558,0,14.3,0,14.3,0,9/24/2024 9:39,9/27/2024 11:01
992,BMA,Sell,Market,62,62,0,69.21,0,0,0,9/25/2024 9:31,9/25/2024 9:33
993,APLT,Buy,Market,1017,1017,0,8.44,0,0,0,9/25/2024 9:40,9/25/2024 9:41
994,APLT,Sell,Stop,1017,1017,0,8.09,0,8.09,0,9/25/2024 9:41,9/25/2024 11:38
996,UPST,Buy,Market,210,210,0,40.85,0,0,0,9/25/2024 10:21,9/25/2024 10:22
997,UPST,Sell,Stop,210,210,0,38.61,0,38.61,0,9/25/2024 10:22,9/26/2024 11:01
999,APLT,Buy,Market,1021,1021,0,8.42,0,0,0,9/25/2024 13:54,9/25/2024 13:56
1000,APLT,Sell,Stop,1021,1021,0,8.02,0,8.02,0,9/25/2024 13:56,10/3/2024 10:45
1002,HROW,Sell,Market,188,188,0,44.67,0,0,0,9/26/2024 9:31,9/26/2024 9:32
1003,BVS,Sell,Market,399,399,0,11.65,0,0,0,9/27/2024 9:31,9/27/2024 9:32
1004,NEON,Sell,Market,478,478,0,10,0,0,0,9/27/2024 9:31,9/27/2024 9:32
1005,IOT,Sell,Market,180,180,0,47.73,0,0,0,9/30/2024 9:31,9/30/2024 9:32
1007,TVTX,Sell,Market,620,620,0,14.04,0,0,0,9/30/2024 9:31,9/30/2024 9:32
1006,KYMR,Sell,Market,174,174,0,48.13,0,0,0,9/30/2024 9:31,9/30/2024 9:34
1008,POWL,Buy,Market,37,37,0,225.68,0,0,0,9/30/2024 9:53,9/30/2024 9:54
1009,POWL,Sell,Stop,37,37,0,215.44,0,216.21,0,9/30/2024 9:54,10/1/2024 10:18
1011,ONON,Sell,Market,174,174,0,49.71,0,0,0,10/1/2024 9:31,10/1/2024 9:32
1012,SATS,Sell,Market,177,177,0,24.21,0,0,0,10/1/2024 9:31,10/1/2024 9:32
1013,SMTC,Sell,Market,99,99,0,45.21,0,0,0,10/1/2024 9:31,10/1/2024 9:33
1014,VST,Buy,Market,69,69,0,122.14,0,0,0,10/1/2024 14:06,10/1/2024 14:07
1016,VST,Sell,Limit,34,34,0,142.42,0,0,142.42,10/1/2024 14:07,10/7/2024 9:31
1017,AUR,Sell,Market,829,829,0,5.47,0,0,0,10/2/2024 9:31,10/2/2024 9:32
1018,CDNA,Buy,Market,262,262,0,32.12,0,0,0,10/2/2024 10:06,10/2/2024 10:07
1019,CDNA,Sell,Stop,262,262,0,30.31,0,30.31,0,10/2/2024 10:07,10/2/2024 13:31
1021,HROW,Buy,Market,174,174,0,48.55,0,0,0,10/3/2024 9:34,10/3/2024 9:35
1023,HROW,Sell,Limit,87,87,0,55.72,0,0,55.72,10/3/2024 9:35,10/16/2024 15:43
1024,CEG,Buy,Market,30,30,0,272.98,0,0,0,10/3/2024 9:36,10/3/2024 9:37
1025,CEG,Sell,Stop,30,30,0,268,0,268,0,10/3/2024 9:37,10/9/2024 9:59
1027,SPRY,Sell,Market,637,637,0,14.17,0,0,0,10/4/2024 9:31,10/4/2024 9:32
1028,BNTX,Buy,Market,69,69,0,121.82,0,0,0,10/4/2024 9:33,10/4/2024 9:34
1029,BYRN,Buy,Market,463,463,0,18.01,0,0,0,10/4/2024 9:33,10/4/2024 9:34
1032,BYRN,Sell,Stop,463,463,0,17.72,0,17.72,0,10/4/2024 9:34,10/4/2024 9:35
1030,BNTX,Sell,Stop,69,69,0,119.7,0,119.7,0,10/4/2024 9:34,10/4/2024 9:58
1034,BYRN,Buy,Market,464,464,0,18.09,0,0,0,10/4/2024 9:39,10/4/2024 9:40
1035,BYRN,Sell,Stop,464,464,0,17.58,0,17.58,0,10/4/2024 9:40,10/7/2024 9:56
1037,BNTX,Buy,Market,69,69,0,121.69,0,0,0,10/4/2024 10:14,10/4/2024 10:15
1040,EWTX,Buy,Market,301,301,0,28.07,0,0,0,10/4/2024 10:15,10/4/2024 10:16
1038,BNTX,Sell,Stop,69,69,0,119.28,0,119.68,0,10/4/2024 10:15,10/9/2024 9:31
1042,EWTX,Sell,Limit,150,150,0,32.87,0,0,32.87,10/4/2024 10:16,10/14/2024 9:38
1043,MSTR,Buy,Market,48,48,0,176.25,0,0,0,10/4/2024 15:58,10/4/2024 15:59
1045,MSTR,Sell,Limit,24,24,0,206.62,0,0,206.62,10/4/2024 15:59,10/11/2024 12:25
1046,UPST,Buy,Market,200,200,0,42.53,0,0,0,10/8/2024 11:01,10/8/2024 11:02
1048,UPST,Sell,Limit,100,100,0,50.79,0,0,50.79,10/8/2024 11:02,10/14/2024 9:38
1049,GDS,Sell,Market,227,227,0,19.93,0,0,0,10/9/2024 9:31,10/9/2024 9:32
1050,TVTX,Buy,Market,519,519,0,16.43,0,0,0,10/9/2024 9:33,10/9/2024 9:34
1053,RKLB,Sell,Market,561,561,0,9.43,0,0,0,10/10/2024 9:31,10/10/2024 9:32
1054,VST,Sell,Market,35,35,0,124.19,0,0,0,10/10/2024 9:31,10/10/2024 9:32
1055,COMM,Buy,Market,1305,1305,0,6.52,0,0,0,10/11/2024 9:39,10/11/2024 9:40
1056,COMM,Sell,Stop,1305,1305,0,6.03,0,6.03,0,10/11/2024 9:40,10/11/2024 11:27
1058,PCT,Buy,Market,890,890,0,9.73,0,0,0,10/15/2024 12:39,10/15/2024 12:40
1060,PCT,Sell,Limit,445,445,0,11.45,0,0,11.45,10/15/2024 12:40,10/23/2024 9:54
1061,AUR,Buy,Market,1437,1437,0,6,0,0,0,10/15/2024 13:08,10/15/2024 13:09
1062,AUR,Sell,Stop,1437,1437,0,5.68,0,5.68,0,10/15/2024 13:09,10/31/2024 9:31
1064,RKLB,Buy,Market,832,832,0,10.38,0,0,0,10/16/2024 9:41,10/16/2024 9:42
1067,UNFI,Buy,Market,410,410,0,21.25,0,0,0,10/16/2024 14:08,10/16/2024 14:10
1068,UNFI,Sell,Stop,410,410,0,20.52,0,20.52,0,10/16/2024 14:10,10/21/2024 14:59
1070,APP,Sell,Market,43,43,0,143,0,0,0,10/18/2024 9:31,10/18/2024 9:32
1071,UXIN,Buy,Market,1326,1326,0,6.59,0,0,0,10/18/2024 9:53,10/18/2024 9:54
1072,UXIN,Sell,Stop,1326,1326,0,6.02,0,6.02,0,10/18/2024 9:54,10/18/2024 12:04
1074,BHVN,Buy,Market,161,161,0,54.12,0,0,0,10/21/2024 9:53,10/21/2024 9:54
1075,BHVN,Sell,Stop,161,161,0,52.24,0,52.24,0,10/21/2024 9:54,10/21/2024 11:10
1077,EBS,Buy,Market,897,897,0,9.68,0,0,0,10/21/2024 11:05,10/21/2024 11:06
1078,EBS,Sell,Stop,897,897,0,9.03,0,9.03,0,10/21/2024 11:06,10/23/2024 9:31
1080,UPST,Sell,Market,100,100,0,51.7,0,0,0,10/24/2024 9:31,10/24/2024 9:32
1081,BHVN,Buy,Market,160,160,0,54.5,0,0,0,10/24/2024 9:35,10/24/2024 9:36
1082,BHVN,Sell,Stop,160,160,0,53.04,0,53.04,0,10/24/2024 9:36,10/24/2024 10:32
1084,ASTS,Buy,Market,294,294,0,29.84,0,0,0,10/24/2024 10:02,10/24/2024 10:03
1085,ASTS,Sell,Stop,294,294,0,27.21,0,27.21,0,10/24/2024 10:03,10/24/2024 11:04
1087,GGAL,Buy,Market,172,172,0,51.09,0,0,0,10/24/2024 10:11,10/24/2024 10:12
1090,HROW,Sell,Market,87,87,0,53.98,0,0,0,10/25/2024 9:31,10/25/2024 9:32
1091,TVTX,Sell,Market,519,519,0,17.82,0,0,0,10/28/2024 9:31,10/28/2024 9:32
1092,WULF,Buy,Market,1256,1256,0,7.02,0,0,0,10/28/2024 9:34,10/28/2024 9:35
1093,WULF,Sell,Stop,1256,1256,0,6.69,0,6.69,0,10/28/2024 9:35,10/29/2024 10:10
1095,SMR,Buy,Market,445,445,0,19.79,0,0,0,10/28/2024 9:41,10/28/2024 9:42
1098,CRDO,Buy,Market,220,220,0,40.38,0,0,0,10/28/2024 15:32,10/28/2024 15:33
1099,CRDO,Sell,Stop,220,220,0,38.91,0,38.91,0,10/28/2024 15:33,10/31/2024 9:32
1101,EWTX,Sell,Market,151,151,0,33.86,0,0,0,10/29/2024 9:31,10/29/2024 9:32
1102,SMTC,Buy,Market,190,190,0,46.8,0,0,0,10/29/2024 12:05,10/29/2024 12:06
1103,SMTC,Sell,Stop,190,190,0,44.51,0,44.51,0,10/29/2024 12:06,10/31/2024 10:01
1105,CAPR,Buy,Market,388,388,0,22.82,0,0,0,10/30/2024 10:25,10/30/2024 10:26
1106,CAPR,Sell,Stop,388,388,0,21.5,0,21.5,0,10/30/2024 10:26,10/30/2024 12:02
1108,RKLB,Sell,Market,832,832,0,10.85,0,0,0,10/31/2024 9:31,10/31/2024 9:32
1109,TRUP,Buy,Market,152,152,0,56.45,0,0,0,10/31/2024 9:33,10/31/2024 9:34
1110,TRUP,Sell,Stop,152,152,0,51.5,0,51.51,0,10/31/2024 9:34,11/4/2024 15:06
1112,VSCO,Buy,Market,286,286,0,29.96,0,0,0,10/31/2024 11:08,10/31/2024 11:09
1114,VSCO,Sell,Limit,143,143,0,33.74,0,0,33.74,10/31/2024 11:09,11/7/2024 9:38
1115,SMR,Sell,Market,445,445,0,19.75,0,0,0,11/1/2024 9:31,11/1/2024 9:32
1116,POWL,Buy,Market,32,32,0,267.5,0,0,0,11/1/2024 9:40,11/1/2024 9:41
1118,POWL,Sell,Limit,16,16,0,320.72,0,0,300.97,11/1/2024 9:41,11/6/2024 9:31
1119,CLS,Buy,Market,121,121,0,70.86,0,0,0,11/1/2024 12:08,11/1/2024 12:09
1121,CLS,Sell,Limit,60,60,0,78.96,0,0,78.64,11/1/2024 12:09,11/6/2024 9:31
1122,GGAL,Sell,Market,172,172,0,51.7,0,0,0,11/4/2024 9:31,11/4/2024 9:32
1123,MSTR,Sell,Market,24,24,0,225.8,0,0,0,11/4/2024 9:31,11/4/2024 9:32
1124,PCT,Sell,Market,445,445,0,12.65,0,0,0,11/4/2024 9:31,11/4/2024 9:32
1125,XPEV,Buy,Market,685,685,0,12.53,0,0,0,11/4/2024 9:34,11/4/2024 9:35
1126,XPEV,Sell,Stop,685,685,0,12.14,0,12.14,0,11/4/2024 9:35,11/4/2024 10:05
1128,DRUG,Buy,Market,157,157,0,53.53,0,0,0,11/4/2024 10:49,11/4/2024 10:50
1131,ALGT,Buy,Market,129,129,0,65.98,0,0,0,11/4/2024 15:25,11/4/2024 15:26
1133,ALGT,Sell,Limit,64,64,0,76.49,0,0,76.32,11/4/2024 15:26,11/13/2024 9:34
1134,CRDO,Buy,Market,201,201,0,42.58,0,0,0,11/5/2024 9:33,11/5/2024 9:34
1136,CRDO,Sell,Limit,100,100,0,48.52,0,0,48.52,11/5/2024 9:34,11/11/2024 9:31
1137,RKLB,Buy,Market,733,733,0,11.7,0,0,0,11/5/2024 9:36,11/5/2024 9:37
1139,RKLB,Sell,Limit,366,366,0,13.63,0,0,13.63,11/5/2024 9:37,11/7/2024 9:38
1140,INOD,Buy,Market,390,390,0,21.95,0,0,0,11/5/2024 9:43,11/5/2024 9:44
1142,INOD,Sell,Limit,195,195,0,30,0,0,25.64,11/5/2024 9:44,11/8/2024 9:31
1143,SOFI,Buy,Market,756,756,0,11.36,0,0,0,11/5/2024 9:49,11/5/2024 9:50
1146,AFRM,Buy,Market,189,189,0,45.27,0,0,0,11/5/2024 9:50,11/5/2024 9:51
1145,SOFI,Sell,Limit,378,378,0,13.61,0,0,13.07,11/5/2024 9:50,11/11/2024 9:31
1147,AFRM,Sell,Stop,189,189,0,43.33,0,43.33,0,11/5/2024 9:51,11/8/2024 11:28
1149,HUT,Buy,Market,451,451,0,19.64,0,0,0,11/6/2024 9:34,11/6/2024 9:35
1152,MIR,Buy,Market,564,564,0,15.74,0,0,0,11/6/2024 9:35,11/6/2024 9:37
1150,HUT,Sell,Stop,451,451,0,18.71,0,18.71,0,11/6/2024 9:35,11/6/2024 9:57
1153,MIR,Sell,Stop,564,564,0,15.49,0,15.49,0,11/6/2024 9:37,11/6/2024 9:42
1155,WULF,Buy,Market,1215,1215,0,7.32,0,0,0,11/6/2024 9:38,11/6/2024 9:39
1156,WULF,Sell,Stop,1215,1215,0,6.97,0,6.97,0,11/6/2024 9:39,11/6/2024 9:55
1158,HUT,Buy,Market,448,448,0,19.62,0,0,0,11/6/2024 10:14,11/6/2024 10:15
1159,HUT,Sell,Stop,448,448,0,18.61,0,18.61,0,11/6/2024 10:15,11/6/2024 12:39
1161,WULF,Buy,Market,1211,1211,0,7.28,0,0,0,11/6/2024 10:42,11/6/2024 10:43
1163,WULF,Sell,Limit,606,606,0,9.3,0,0,9.3,11/6/2024 10:43,11/13/2024 9:57
1164,BBAR,Buy,Market,606,606,0,14.58,0,0,0,11/6/2024 11:02,11/6/2024 11:03
1166,BBAR,Sell,Limit,303,303,0,16.98,0,0,16.98,11/6/2024 11:03,11/18/2024 10:18
1167,SUPV,Buy,Market,933,933,0,9.48,0,0,0,11/6/2024 11:57,11/6/2024 11:58
1169,SUPV,Sell,Limit,466,466,0,10.97,0,0,10.97,11/6/2024 11:58,11/18/2024 10:03
1170,SMR,Buy,Market,433,433,0,20.48,0,0,0,11/6/2024 12:14,11/6/2024 12:15
1172,SMR,Sell,Limit,216,216,0,26.42,0,0,26.42,11/6/2024 12:15,11/12/2024 9:39
1173,UPST,Buy,Market,165,165,0,54.14,0,0,0,11/6/2024 15:22,11/6/2024 15:23
1175,UPST,Sell,Limit,82,82,0,65.27,0,0,64.13,11/6/2024 15:23,11/8/2024 9:31
1176,LUNR,Buy,Market,1048,1048,0,8.58,0,0,0,11/7/2024 9:33,11/7/2024 9:34
1178,LUNR,Sell,Limit,524,524,0,10.35,0,0,10.28,11/7/2024 9:34,11/11/2024 9:31
1179,XPEV,Buy,Market,657,657,0,13.63,0,0,0,11/7/2024 9:38,11/7/2024 9:39
1182,GDS,Buy,Market,392,392,0,22.96,0,0,0,11/7/2024 9:39,11/7/2024 9:40
1180,XPEV,Sell,Stop,657,657,0,13.29,0,13.29,0,11/7/2024 9:39,11/13/2024 11:24
1185,DRUG,Sell,Market,157,157,0,48.73,0,0,0,11/8/2024 9:31,11/8/2024 9:32
1186,ADMA,Buy,Market,440,440,0,21.02,0,0,0,11/8/2024 9:33,11/8/2024 9:34
1189,PRCT,Buy,Market,95,95,0,102.61,0,0,0,11/11/2024 9:33,11/11/2024 9:34
1190,PRCT,Sell,Stop,95,95,0,100.5,0,100.5,0,11/11/2024 9:34,11/11/2024 9:55
1192,AFRM,Buy,Market,186,186,0,51.91,0,0,0,11/11/2024 10:14,11/11/2024 10:15
1194,AFRM,Sell,Limit,93,93,0,61.61,0,0,61.61,11/11/2024 10:15,11/18/2024 10:49
1195,RELY,Buy,Market,492,492,0,20.1,0,0,0,11/13/2024 9:44,11/13/2024 9:45
1196,RELY,Sell,Stop,492,492,0,19.51,0,19.51,0,11/13/2024 9:45,11/18/2024 9:42
1198,WULF,Sell,Market,605,605,0,7.5,0,0,0,11/14/2024 9:31,11/14/2024 9:32
1199,GDS,Sell,Market,392,392,0,22.4,0,0,0,11/15/2024 9:31,11/15/2024 9:32
1200,ADMA,Sell,Market,440,440,0,20.24,0,0,0,11/15/2024 9:31,11/15/2024 9:32
1201,CRDO,Sell,Market,101,101,0,41,0,0,0,11/15/2024 9:31,11/15/2024 9:32
1202,POWL,Sell,Market,16,16,0,298.11,0,0,0,11/15/2024 9:31,11/15/2024 9:32
1203,MNMD,Buy,Market,971,971,0,9.85,0,0,0,11/15/2024 9:33,11/15/2024 9:34
1204,MNMD,Sell,Stop,971,971,0,8.99,0,8.99,0,11/15/2024 9:34,11/15/2024 9:42
1206,RDW,Buy,Market,895,895,0,10.86,0,0,0,11/18/2024 9:37,11/18/2024 9:38
1207,RDW,Sell,Stop,895,895,0,10.56,0,10.56,0,11/18/2024 9:38,11/18/2024 9:55
1209,RDW,Buy,Market,895,895,0,10.9,0,0,0,11/18/2024 10:23,11/18/2024 10:24
1211,RDW,Sell,Limit,448,448,0,13.63,0,0,13.63,11/18/2024 10:24,11/22/2024 12:43
1212,LMND,Buy,Market,273,273,0,35.53,0,0,0,11/19/2024 9:33,11/19/2024 9:34
1214,LMND,Sell,Limit,136,136,0,44.45,0,0,44.45,11/19/2024 9:34,11/20/2024 9:33
1215,BYRN,Buy,Market,488,488,0,19.96,0,0,0,11/19/2024 9:38,11/19/2024 9:39
1216,BYRN,Sell,Stop,488,488,0,19.2,0,19.2,0,11/19/2024 9:39,11/20/2024 9:38
1218,RDDT,Buy,Market,73,73,0,135.15,0,0,0,11/19/2024 12:44,11/19/2024 12:45
1221,ALGT,Sell,Market,65,65,0,70.26,0,0,0,11/20/2024 9:31,11/20/2024 9:32
1222,AAOI,Buy,Market,324,324,0,30.89,0,0,0,11/20/2024 9:33,11/20/2024 9:34
1224,AAOI,Sell,Limit,162,162,0,41.43,0,0,41.43,11/20/2024 9:34,11/29/2024 10:03
1225,XMTR,Buy,Market,330,330,0,30.88,0,0,0,11/21/2024 11:21,11/21/2024 11:22
1228,WWW,Buy,Market,449,449,0,22.89,0,0,0,11/21/2024 12:07,11/21/2024 12:08
1231,VSCO,Sell,Market,143,143,0,36.08,0,0,0,11/22/2024 9:31,11/22/2024 9:32
1232,CXW,Buy,Market,453,453,0,22.66,0,0,0,11/22/2024 9:33,11/22/2024 9:34
1233,CXW,Sell,Stop,453,453,0,21.99,0,21.99,0,11/22/2024 9:34,11/22/2024 14:27
1235,TSL,Buy,Market,678,678,0,15.23,0,0,0,11/22/2024 10:40,11/22/2024 10:41
1236,TSL,Sell,Stop,678,678,0,14.63,0,14.63,0,11/22/2024 10:41,11/26/2024 14:19
1238,DAVE,Buy,Market,119,119,0,87.72,0,0,0,11/22/2024 11:26,11/22/2024 11:27
1239,DAVE,Sell,Stop,119,119,0,83,0,83,0,11/22/2024 11:27,12/4/2024 9:48
1241,PLTR,Buy,Market,164,164,0,63.49,0,0,0,11/22/2024 11:38,11/22/2024 11:39
1243,PLTR,Sell,Limit,82,82,0,74.28,0,0,74.28,11/22/2024 11:39,12/6/2024 9:38
1244,ALGS,Buy,Market,513,513,0,20.74,0,0,0,11/25/2024 9:37,11/25/2024 9:38
1245,ALGS,Sell,Stop,513,513,0,20.3,0,20.3,0,11/25/2024 9:38,11/25/2024 9:52
1247,ALGS,Buy,Market,513,513,0,20.36,0,0,0,11/25/2024 9:59,11/25/2024 10:00
1248,ALGS,Sell,Stop,513,513,0,20.04,0,20.04,0,11/25/2024 10:00,11/25/2024 10:03
1250,ALGS,Buy,Market,512,512,0,20.67,0,0,0,11/25/2024 10:28,11/25/2024 10:29
1251,ALGS,Sell,Stop,512,512,0,19.5,0,19.5,0,11/25/2024 10:29,11/26/2024 9:41
1253,BBAR,Sell,Market,303,303,0,16.46,0,0,0,11/26/2024 9:31,11/26/2024 9:32
1254,NPWR,Buy,Market,757,757,0,13.7,0,0,0,11/26/2024 9:33,11/26/2024 9:34
1255,NPWR,Sell,Stop,757,757,0,13.2,0,13.2,0,11/26/2024 9:34,11/26/2024 9:37
1257,INOD,Sell,Market,195,195,0,39.5,0,0,0,11/27/2024 9:31,11/27/2024 9:32
1258,RDDT,Sell,Market,73,73,0,138.03,0,0,0,11/27/2024 9:31,11/27/2024 9:32
1259,SMR,Sell,Market,217,217,0,27.22,0,0,0,11/27/2024 9:31,11/27/2024 9:32
1260,MDXG,Buy,Market,1092,1092,0,9.48,0,0,0,11/27/2024 9:42,11/27/2024 9:43
1261,MDXG,Sell,Stop,1092,1092,0,9.25,0,9.25,0,11/27/2024 9:43,11/29/2024 9:32
1263,HUT,Buy,Market,393,393,0,26.48,0,0,0,11/27/2024 10:10,11/27/2024 10:11
1266,CLS,Sell,Market,61,61,0,84.02,0,0,0,11/29/2024 9:31,11/29/2024 9:32
1267,BTDR,Buy,Market,778,778,0,13.46,0,0,0,11/29/2024 9:33,11/29/2024 9:34
1269,BTDR,Sell,Limit,389,389,0,19,0,0,19,11/29/2024 9:34,12/5/2024 9:34
1270,MARA,Buy,Market,374,374,0,28.01,0,0,0,11/29/2024 9:35,11/29/2024 9:36
1271,MARA,Sell,Stop,374,374,0,27.21,0,27.21,0,11/29/2024 9:36,11/29/2024 12:56
1273,CXW,Buy,Market,458,458,0,23.05,0,0,0,11/29/2024 9:48,11/29/2024 9:49
1274,CXW,Sell,Stop,458,458,0,22.64,0,22.64,0,11/29/2024 9:49,11/29/2024 10:10
1276,ML,Buy,Market,118,118,0,90.14,0,0,0,11/29/2024 10:01,11/29/2024 10:02
1277,ML,Sell,Stop,118,118,0,86.6,0,86.6,0,11/29/2024 10:02,12/2/2024 9:50
1279,SOUN,Buy,Market,1264,1264,0,8.48,0,0,0,11/29/2024 10:07,11/29/2024 10:08
1281,SOUN,Sell,Limit,632,632,0,11.22,0,0,11.22,11/29/2024 10:08,12/5/2024 9:38
1282,TSLA,Buy,Market,29,29,0,357.54,0,0,0,12/2/2024 9:33,12/2/2024 9:34
1283,ARQQ,Buy,Market,452,452,0,23.63,0,0,0,12/2/2024 9:33,12/2/2024 9:34
1284,TSLA,Sell,Stop,29,29,0,352,0,352,0,12/2/2024 9:34,12/2/2024 11:13
1286,ARQQ,Sell,Stop,452,452,0,22.11,0,22.11,0,12/2/2024 9:34,12/2/2024 14:43
1288,OUST,Buy,Market,1027,1027,0,10.3,0,0,0,12/2/2024 10:48,12/2/2024 10:49
1289,OUST,Sell,Stop,1027,1027,0,9.47,0,9.57,0,12/2/2024 10:49,12/3/2024 9:31
1291,TSLA,Buy,Market,28,28,0,357.68,0,0,0,12/2/2024 12:36,12/2/2024 12:37
1292,TSLA,Sell,Stop,28,28,0,351.15,0,351.15,0,12/2/2024 12:37,12/3/2024 9:31
1294,LMND,Sell,Market,137,137,0,45.42,0,0,0,12/3/2024 9:31,12/3/2024 9:32
1295,UPST,Sell,Market,83,83,0,68.22,0,0,0,12/3/2024 9:31,12/3/2024 9:32
1296,LITE,Buy,Market,114,114,0,89.74,0,0,0,12/3/2024 12:40,12/3/2024 12:41
1297,LITE,Sell,Stop,114,114,0,86.24,0,86.24,0,12/3/2024 12:41,12/10/2024 15:32
1299,HUT,Sell,Market,393,393,0,25.26,0,0,0,12/4/2024 9:31,12/4/2024 9:32
1300,LUNR,Sell,Market,524,524,0,11.52,0,0,0,12/4/2024 9:31,12/4/2024 9:32
1301,RKLB,Sell,Market,367,367,0,22.55,0,0,0,12/4/2024 9:31,12/4/2024 9:32
1302,HSAI,Buy,Market,1060,1060,0,9.62,0,0,0,12/4/2024 9:33,12/4/2024 9:34
1305,COIN,Buy,Market,32,32,0,317.61,0,0,0,12/4/2024 9:35,12/4/2024 9:36
1308,AI,Buy,Market,269,269,0,38.24,0,0,0,12/4/2024 9:47,12/4/2024 9:48
1309,AI,Sell,Stop,269,269,0,37.11,0,37.15,0,12/4/2024 9:48,12/10/2024 9:31
1311,DXYZ,Buy,Market,226,226,0,45.47,0,0,0,12/4/2024 9:53,12/4/2024 9:54
1313,DXYZ,Sell,Limit,113,113,0,63.92,0,0,63.92,12/4/2024 9:54,12/6/2024 13:46
1314,MARA,Buy,Market,381,381,0,27.53,0,0,0,12/5/2024 9:34,12/5/2024 9:35
1315,MARA,Sell,Stop,381,381,0,26.8,0,26.8,0,12/5/2024 9:35,12/5/2024 9:54
1317,AMSC,Buy,Market,287,287,0,37,0,0,0,12/5/2024 9:37,12/5/2024 9:38
1318,AMSC,Sell,Stop,287,287,0,35.35,0,35.35,0,12/5/2024 9:38,12/5/2024 10:34
1320,HNST,Buy,Market,1241,1241,0,8.56,0,0,0,12/5/2024 9:44,12/5/2024 9:45
1321,HNST,Sell,Stop,1241,1241,0,8.13,0,8.13,0,12/5/2024 9:45,12/5/2024 10:37
1323,BTCT,Buy,Market,570,570,0,18.52,0,0,0,12/5/2024 9:47,12/5/2024 9:48
1324,BTCT,Sell,Stop,570,570,0,17.36,0,17.36,0,12/5/2024 9:48,12/5/2024 10:00
1326,API,Buy,Market,1772,1772,0,5.96,0,0,0,12/5/2024 9:52,12/5/2024 9:53
1327,API,Sell,Stop,1772,1772,0,5.5,0,5.5,0,12/5/2024 9:53,12/10/2024 9:37
1329,MARA,Buy,Market,382,382,0,27.48,0,0,0,12/5/2024 10:04,12/5/2024 10:05
1330,MARA,Sell,Stop,382,382,0,26.62,0,26.62,0,12/5/2024 10:05,12/5/2024 10:24
1332,AAOI,Sell,Market,162,162,0,37.39,0,0,0,12/6/2024 9:31,12/6/2024 9:32
1333,AFRM,Sell,Market,93,93,0,68.52,0,0,0,12/6/2024 9:31,12/6/2024 9:32
1334,SOFI,Sell,Market,378,378,0,15.72,0,0,0,12/6/2024 9:31,12/6/2024 9:32
1335,WWW,Sell,Market,449,449,0,23.09,0,0,0,12/6/2024 9:31,12/6/2024 9:32
1336,XMTR,Sell,Market,330,330,0,32.07,0,0,0,12/6/2024 9:31,12/6/2024 9:32
1337,APLD,Buy,Market,986,986,0,10.73,0,0,0,12/6/2024 9:34,12/6/2024 9:35
1338,APLD,Sell,Stop,986,986,0,10.18,0,10.18,0,12/6/2024 9:35,12/9/2024 10:20
1340,CRNC,Buy,Market,1313,1313,0,8.06,0,0,0,12/6/2024 9:48,12/6/2024 9:49
1341,CRNC,Sell,Stop,1313,1313,0,7.56,0,7.56,0,12/6/2024 9:49,12/11/2024 12:01
1343,ARQQ,Buy,Market,433,433,0,25.48,0,0,0,12/9/2024 9:33,12/9/2024 9:34
1344,INOD,Buy,Market,221,221,0,49.93,0,0,0,12/9/2024 9:33,12/9/2024 9:34
1345,ARQQ,Sell,Stop,433,433,0,24.4,0,24.4,0,12/9/2024 9:34,12/9/2024 9:39
1347,INOD,Sell,Stop,221,221,0,45.83,0,45.83,0,12/9/2024 9:34,12/9/2024 11:11
1349,INOD,Buy,Market,220,220,0,48.55,0,0,0,12/9/2024 11:27,12/9/2024 11:28
1350,INOD,Sell,Stop,220,220,0,44.59,0,44.59,0,12/9/2024 11:28,12/9/2024 15:14
1352,COIN,Sell,Market,32,32,0,317.24,0,0,0,12/10/2024 9:31,12/10/2024 9:32
1353,RDW,Sell,Market,447,447,0,12.21,0,0,0,12/10/2024 9:31,12/10/2024 9:32
1354,UPST,Buy,Market,127,127,0,82.39,0,0,0,12/12/2024 9:34,12/12/2024 9:35
1355,UPST,Sell,Stop,127,127,0,78.5,0,78.5,0,12/12/2024 9:35,12/12/2024 14:13
1357,GRRR,Buy,Market,1264,1264,0,8.32,0,0,0,12/12/2024 10:27,12/12/2024 10:28
1358,GRRR,Sell,Stop,1264,1264,0,7.51,0,7.51,0,12/12/2024 10:28,12/12/2024 12:35
1360,UPST,Buy,Market,123,123,0,85.65,0,0,0,12/13/2024 11:52,12/13/2024 11:53
1361,UPST,Sell,Stop,123,123,0,80.17,0,80.17,0,12/13/2024 11:53,12/18/2024 14:19
1363,COIN,Buy,Market,32,32,0,325.22,0,0,0,12/16/2024 9:40,12/16/2024 9:41
1364,COIN,Sell,Stop,32,32,0,316.3,0,316.3,0,12/16/2024 9:41,12/16/2024 15:24
1366,QUBT,Buy,Market,1425,1425,0,7.47,0,0,0,12/16/2024 9:43,12/16/2024 9:44
1368,QUBT,Sell,Limit,712,712,0,11.77,0,0,11.77,12/16/2024 9:44,12/16/2024 13:27
1369,DAVE,Buy,Market,110,110,0,96.15,0,0,0,12/16/2024 9:50,12/16/2024 9:51
1370,DAVE,Sell,Stop,110,110,0,90.63,0,90.72,0,12/16/2024 9:51,12/18/2024 15:42
1372,QBTS,Buy,Market,1965,1965,0,5.41,0,0,0,12/16/2024 9:58,12/16/2024 9:59
1374,QBTS,Sell,Limit,982,982,0,9.1,0,0,9.1,12/16/2024 9:59,12/17/2024 9:42
1373,QBTS,Sell,Stop,983,983,0,4.84,0,4.84,0,12/16/2024 9:59,1/8/2025 10:48
1375,AI,Buy,Market,262,262,0,40.69,0,0,0,12/16/2024 10:02,12/16/2024 10:03
1376,AI,Sell,Stop,262,262,0,38.91,0,38.91,0,12/16/2024 10:03,12/18/2024 15:42
1378,PTON,Buy,Market,1055,1055,0,10.14,0,0,0,12/16/2024 10:11,12/16/2024 10:12
1379,PTON,Sell,Stop,1055,1055,0,9.43,0,9.43,0,12/16/2024 10:12,12/18/2024 15:38
1381,MSTR,Buy,Market,24,24,0,428.96,0,0,0,12/16/2024 10:23,12/16/2024 10:24
1382,QMCO,Buy,Market,517,517,0,20.43,0,0,0,12/16/2024 10:23,12/16/2024 10:24
1383,MSTR,Sell,Stop,24,24,0,416.15,0,416.15,0,12/16/2024 10:24,12/16/2024 14:31
1386,QMCO,Sell,Limit,258,258,0,36.5,0,0,36.5,12/16/2024 10:24,12/18/2024 11:45
1387,PRCH,Buy,Market,1898,1898,0,5.77,0,0,0,12/16/2024 12:12,12/16/2024 12:13
1388,PRCH,Sell,Stop,1898,1898,0,5.24,0,5.24,0,12/16/2024 12:13,12/17/2024 10:17
1390,RKLB,Buy,Market,436,436,0,25.1,0,0,0,12/16/2024 12:16,12/16/2024 12:17
1391,RKLB,Sell,Stop,436,436,0,23.35,0,23.35,0,12/16/2024 12:17,12/18/2024 15:39
1393,AFRM,Buy,Market,154,154,0,73.04,0,0,0,12/16/2024 13:33,12/16/2024 13:34
1394,AFRM,Sell,Stop,154,154,0,69.43,0,69.43,0,12/16/2024 13:34,12/17/2024 9:31
1396,HSAI,Sell,Market,1060,1060,0,10.23,0,0,0,12/17/2024 9:31,12/17/2024 9:32
1397,HIMS,Buy,Market,353,353,0,32.53,0,0,0,12/17/2024 9:33,12/17/2024 9:34
1398,HIMS,Sell,Stop,353,353,0,31.51,0,31.51,0,12/17/2024 9:34,12/17/2024 9:43
1400,HSAI,Buy,Market,1025,1025,0,11.35,0,0,0,12/17/2024 9:43,12/17/2024 9:44
1401,HSAI,Sell,Stop,1025,1025,0,10.21,0,10.21,0,12/17/2024 9:44,12/18/2024 9:32
1403,ARQQ,Buy,Market,384,384,0,30.32,0,0,0,12/17/2024 9:46,12/17/2024 9:47
1404,ARQQ,Sell,Stop,384,384,0,28.05,0,28.05,0,12/17/2024 9:47,12/17/2024 10:00
1406,HIMS,Buy,Market,353,353,0,32.31,0,0,0,12/17/2024 9:55,12/17/2024 9:56
1407,HIMS,Sell,Stop,353,353,0,31.27,0,31.27,0,12/17/2024 9:56,12/17/2024 10:16
1409,ARQQ,Buy,Market,384,384,0,29.78,0,0,0,12/17/2024 13:32,12/17/2024 13:33
1410,ARQQ,Sell,Stop,384,384,0,24.5,0,24.5,0,12/17/2024 13:33,12/19/2024 13:19
1412,BTDR,Sell,Market,389,389,0,20.08,0,0,0,12/19/2024 9:31,12/19/2024 9:32
1413,DXYZ,Sell,Market,113,113,0,65.47,0,0,0,12/19/2024 9:31,12/19/2024 9:32
1414,PLTR,Sell,Market,82,82,0,74.55,0,0,0,12/19/2024 9:31,12/19/2024 9:32
1415,KC,Buy,Market,1230,1230,0,9.09,0,0,0,12/20/2024 9:41,12/20/2024 9:42
1418,RCAT,Buy,Market,1119,1119,0,10.02,0,0,0,12/20/2024 9:47,12/20/2024 9:48
1420,RCAT,Sell,Limit,560,560,0,14.49,0,0,14.49,12/20/2024 9:48,12/26/2024 10:38
1421,PLTR,Buy,Market,147,147,0,77.88,0,0,0,12/20/2024 11:49,12/20/2024 11:50
1424,ACHR,Buy,Market,1161,1161,0,10.1,0,0,0,12/23/2024 9:33,12/23/2024 9:34
1425,ACHR,Sell,Stop,1161,1161,0,9.6,0,9.6,0,12/23/2024 9:34,12/23/2024 9:36
1427,UMAC,Buy,Market,840,840,0,13.79,0,0,0,12/23/2024 9:54,12/23/2024 9:55
1429,UMAC,Sell,Limit,420,420,0,21,0,0,21,12/23/2024 9:55,12/30/2024 14:31
1430,CRNC,Buy,Market,1320,1320,0,8.84,0,0,0,12/23/2024 10:01,12/23/2024 10:02
1431,CRNC,Sell,Stop,1320,1320,0,7.68,0,7.68,0,12/23/2024 10:02,12/23/2024 10:28
1433,SERV,Buy,Market,734,734,0,15.51,0,0,0,12/24/2024 9:35,12/24/2024 9:36
1434,SERV,Sell,Stop,734,734,0,14.5,0,14.5,0,12/24/2024 9:36,12/24/2024 9:37
1436,OKLO,Buy,Market,499,499,0,22.94,0,0,0,12/24/2024 10:13,12/24/2024 10:14
1437,OKLO,Sell,Stop,499,499,0,21.42,0,21.42,0,12/24/2024 10:14,12/31/2024 10:57
1439,RDW,Buy,Market,793,793,0,14.4,0,0,0,12/24/2024 10:16,12/24/2024 10:17
1441,RDW,Sell,Limit,396,396,0,18.5,0,0,18.5,12/24/2024 10:17,1/6/2025 10:16
1442,ACHR,Buy,Market,1129,1129,0,10.18,0,0,0,12/24/2024 10:23,12/24/2024 10:24
1445,SKYT,Buy,Market,783,783,0,14.72,0,0,0,12/24/2024 10:26,12/24/2024 10:27
1448,AAOI,Buy,Market,296,296,0,39.07,0,0,0,12/24/2024 11:36,12/24/2024 11:37
1449,AAOI,Sell,Stop,296,296,0,36.22,0,36.22,0,12/24/2024 11:37,12/30/2024 9:31
1451,KC,Sell,Market,1230,1230,0,9.95,0,0,0,12/26/2024 9:31,12/26/2024 9:32
1452,CRNC,Buy,Market,1307,1307,0,8.94,0,0,0,12/26/2024 9:37,12/26/2024 9:38
1453,CRNC,Sell,Stop,1307,1307,0,8.38,0,8.38,0,12/26/2024 9:38,12/26/2024 9:53
1455,INOD,Buy,Market,264,264,0,44.87,0,0,0,12/26/2024 9:42,12/26/2024 9:43
1456,INOD,Sell,Stop,264,264,0,42.61,0,42.61,0,12/26/2024 9:43,12/26/2024 9:54
1458,RGTI,Buy,Market,929,929,0,12.84,0,0,0,12/26/2024 9:49,12/26/2024 9:50
1459,RGTI,Sell,Stop,929,929,0,10.76,0,10.76,0,12/26/2024 9:50,1/8/2025 9:39
1461,ARQQ,Buy,Market,366,366,0,32.43,0,0,0,12/26/2024 10:03,12/26/2024 10:04
1462,ARQQ,Sell,Stop,366,366,0,27.99,0,28,0,12/26/2024 10:04,1/8/2025 9:31
1464,REAL,Buy,Market,1225,1225,0,9.84,0,0,0,12/26/2024 10:23,12/26/2024 10:24
1467,MESO,Buy,Market,684,684,0,17.58,0,0,0,12/26/2024 10:25,12/26/2024 10:26
1470,LX,Buy,Market,1942,1942,0,6.26,0,0,0,12/26/2024 10:37,12/26/2024 10:38
1471,LX,Sell,Stop,1942,1942,0,5.92,0,5.92,0,12/26/2024 10:38,12/30/2024 9:32
1473,INOD,Buy,Market,276,276,0,44.5,0,0,0,12/26/2024 11:13,12/26/2024 11:14
1474,INOD,Sell,Stop,276,276,0,42.1,0,42.1,0,12/26/2024 11:14,12/30/2024 9:38
1476,CRNC,Buy,Market,1431,1431,0,8.86,0,0,0,12/26/2024 14:23,12/26/2024 14:24
1477,CRNC,Sell,Stop,1431,1431,0,8.25,0,8.25,0,12/26/2024 14:24,12/27/2024 9:36
1479,OMER,Buy,Market,1128,1128,0,11.23,0,0,0,12/27/2024 12:11,12/27/2024 12:12
1480,OMER,Sell,Stop,1128,1128,0,10.33,0,10.34,0,12/27/2024 12:12,12/30/2024 12:41
1482,PLTR,Sell,Market,147,147,0,77.83,0,0,0,12/31/2024 9:31,12/31/2024 9:32
1483,SUPV,Sell,Market,467,467,0,15.13,0,0,0,12/31/2024 9:31,12/31/2024 9:32
1484,SIDU,Buy,Market,1962,1962,0,6.43,0,0,0,12/31/2024 9:33,12/31/2024 9:34
1485,SIDU,Sell,Stop,1962,1962,0,5.8,0,5.8,0,12/31/2024 9:34,12/31/2024 9:49
1487,ACHR,Sell,Market,1129,1129,0,9.94,0,0,0,1/2/2025 9:31,1/2/2025 9:32
1488,QUBT,Sell,Market,713,713,0,16.64,0,0,0,1/2/2025 9:31,1/2/2025 9:32
1489,SKYT,Sell,Market,783,783,0,14.08,0,0,0,1/2/2025 9:31,1/2/2025 9:32
1490,SOUN,Sell,Market,632,632,0,20.18,0,0,0,1/2/2025 9:31,1/2/2025 9:32
1491,BBAR,Buy,Market,596,596,0,20.04,0,0,0,1/2/2025 9:54,1/2/2025 9:55
1494,BTDR,Buy,Market,499,499,0,23.97,0,0,0,1/2/2025 9:55,1/2/2025 9:56
1493,BBAR,Sell,Limit,298,298,0,24.1,0,0,24.1,1/2/2025 9:55,1/6/2025 9:34
1495,BTDR,Sell,Stop,499,499,0,21.52,0,21.52,0,1/2/2025 9:56,1/7/2025 10:05
1497,LUNR,Buy,Market,607,607,0,19.75,0,0,0,1/2/2025 9:57,1/2/2025 9:58
1500,WGS,Buy,Market,148,148,0,82.38,0,0,0,1/2/2025 11:55,1/2/2025 11:56
1501,WGS,Sell,Stop,148,148,0,74.94,0,74.94,0,1/2/2025 11:56,1/14/2025 10:22
1503,REAL,Sell,Market,1225,1225,0,9.92,0,0,0,1/3/2025 9:31,1/3/2025 9:32
1504,CRNC,Buy,Market,1050,1050,0,11.66,0,0,0,1/3/2025 9:35,1/3/2025 9:36
1506,CRNC,Sell,Limit,525,525,0,15.27,0,0,15.27,1/3/2025 9:36,1/3/2025 11:16
1507,OUST,Buy,Market,935,935,0,13.19,0,0,0,1/3/2025 9:39,1/3/2025 9:40
1508,OUST,Sell,Stop,935,935,0,12.17,0,12.17,0,1/3/2025 9:40,1/8/2025 10:40
1510,RKLB,Buy,Market,459,459,0,26.92,0,0,0,1/3/2025 9:45,1/3/2025 9:46
1513,OKLO,Buy,Market,487,487,0,25.18,0,0,0,1/3/2025 10:34,1/3/2025 10:35
1514,OKLO,Sell,Stop,487,487,0,21.61,0,21.61,0,1/3/2025 10:35,1/13/2025 12:01
1516,APP,Buy,Market,36,36,0,351.05,0,0,0,1/3/2025 12:02,1/3/2025 12:03
1517,APP,Sell,Stop,36,36,0,336.72,0,336.72,0,1/3/2025 12:03,1/7/2025 9:31
1519,SKYT,Buy,Market,804,804,0,16.14,0,0,0,1/6/2025 9:33,1/6/2025 9:34
1520,SKYT,Sell,Stop,804,804,0,15.24,0,15.24,0,1/6/2025 9:34,1/7/2025 10:01
1522,AVGO,Buy,Market,54,54,0,239.74,0,0,0,1/6/2025 9:37,1/6/2025 9:38
1523,AVGO,Sell,Stop,54,54,0,236,0,236,0,1/6/2025 9:38,1/6/2025 11:17
1525,QUBT,Buy,Market,683,683,0,19.34,0,0,0,1/6/2025 9:42,1/6/2025 9:43
1526,QUBT,Sell,Stop,683,683,0,17.15,0,17.15,0,1/6/2025 9:43,1/6/2025 10:59
1528,DXYZ,Buy,Market,199,199,0,66.4,0,0,0,1/6/2025 9:44,1/6/2025 9:45
1529,LAES,Buy,Market,1399,1399,0,9.46,0,0,0,1/6/2025 9:44,1/6/2025 9:45
1530,DXYZ,Sell,Stop,199,199,0,64.5,0,64.5,0,1/6/2025 9:45,1/6/2025 10:02
1532,LAES,Sell,Stop,1399,1399,0,8.68,0,8.68,0,1/6/2025 9:45,1/6/2025 10:02
1534,QMCO,Sell,Market,259,259,0,51.42,0,0,0,1/7/2025 9:31,1/7/2025 9:32
1535,REAL,Buy,Market,1246,1246,0,10.18,0,0,0,1/7/2025 9:39,1/7/2025 9:40
1536,REAL,Sell,Stop,1246,1246,0,9.71,0,9.71,0,1/7/2025 9:40,1/7/2025 9:59
1539,UMAC,Sell,Market,420,420,0,13.7,0,0,0,1/8/2025 9:31,1/8/2025 9:32
1538,MESO,Sell,Market,684,684,0,17.79,0,0,0,1/8/2025 9:31,1/8/2025 9:33
1540,LUNR,Sell,Market,607,607,0,18.94,0,0,0,1/10/2025 9:31,1/10/2025 9:32
1541,RCAT,Sell,Market,559,559,0,11.4,0,0,0,1/10/2025 9:31,1/10/2025 9:32
1542,RDW,Sell,Market,397,397,0,16.18,0,0,0,1/10/2025 9:31,1/10/2025 9:33
1543,RKLB,Sell,Market,459,459,0,25.21,0,0,0,1/13/2025 9:31,1/13/2025 9:32
1544,DJT,Buy,Market,290,290,0,37.51,0,0,0,1/13/2025 10:01,1/13/2025 10:02
1546,DJT,Sell,Limit,145,145,0,42.87,0,0,42.87,1/13/2025 10:02,1/13/2025 15:24
1545,DJT,Sell,Stop,145,145,0,34.76,0,34.76,0,1/13/2025 10:02,1/21/2025 9:52
1547,GH,Buy,Market,291,291,0,37.53,0,0,0,1/13/2025 10:56,1/13/2025 10:57
1549,GH,Sell,Limit,146,146,0,43.18,0,0,43.18,1/13/2025 10:57,1/21/2025 12:02
1550,HOOD,Buy,Market,252,252,0,43.23,0,0,0,1/14/2025 10:21,1/14/2025 10:22
1552,HOOD,Sell,Limit,126,126,0,49.93,0,0,49.82,1/14/2025 10:22,1/21/2025 9:31
1553,CRNC,Sell,Market,525,525,0,13.76,0,0,0,1/15/2025 9:31,1/15/2025 9:32
1554,MSTR,Buy,Market,28,28,0,385.4,0,0,0,1/17/2025 9:33,1/17/2025 9:34
1555,MSTR,Sell,Stop,28,28,0,380.15,0,380.15,0,1/17/2025 9:34,1/21/2025 9:37
1557,HSAI,Buy,Market,688,688,0,15.87,0,0,0,1/17/2025 11:37,1/17/2025 11:38
1560,OKLO,Buy,Market,411,411,0,26.6,0,0,0,1/17/2025 11:38,1/17/2025 11:39
1558,HSAI,Sell,Stop,688,688,0,14.86,0,14.86,0,1/17/2025 11:38,1/22/2025 9:40
1562,OKLO,Sell,Limit,206,206,0,36.45,0,0,36.45,1/17/2025 11:39,1/23/2025 9:47
1563,BBAR,Sell,Market,298,298,0,22.12,0,0,0,1/21/2025 9:31,1/21/2025 9:32
1564,ADTN,Buy,Market,1040,1040,0,10.58,0,0,0,1/21/2025 9:33,1/21/2025 9:34
1565,LUNR,Buy,Market,536,536,0,20.48,0,0,0,1/21/2025 9:33,1/21/2025 9:34
1566,RKLB,Buy,Market,401,401,0,27.36,0,0,0,1/21/2025 9:33,1/21/2025 9:34
1567,ADTN,Sell,Stop,1040,1040,0,10.39,0,10.39,0,1/21/2025 9:34,1/21/2025 15:49
1573,VNET,Buy,Market,1814,1814,0,6.06,0,0,0,1/21/2025 9:36,1/21/2025 9:37
1575,VNET,Sell,Limit,907,907,0,7.29,0,0,7.25,1/21/2025 9:37,1/29/2025 9:31
1576,RBRK,Buy,Market,155,155,0,70.84,0,0,0,1/21/2025 10:23,1/21/2025 10:24
1577,RBRK,Sell,Stop,155,155,0,68.36,0,68.51,0,1/21/2025 10:24,1/27/2025 9:31
1579,RDDT,Buy,Market,60,60,0,182.14,0,0,0,1/21/2025 10:25,1/21/2025 10:26
1580,RDDT,Sell,Stop,60,60,0,174.22,0,175.6,0,1/21/2025 10:26,1/27/2025 9:31
1582,PDYN,Buy,Market,993,993,0,11.22,0,0,0,1/22/2025 9:36,1/22/2025 9:37
1583,PDYN,Sell,Stop,993,993,0,9.64,0,9.64,0,1/22/2025 9:37,1/22/2025 11:57
1585,EOSE,Buy,Market,1820,1820,0,6.2,0,0,0,1/23/2025 15:16,1/23/2025 15:17
1586,EOSE,Sell,Stop,1820,1820,0,5.72,0,5.72,0,1/23/2025 15:17,1/27/2025 9:31
1588,LX,Buy,Market,1649,1649,0,6.91,0,0,0,1/24/2025 9:33,1/24/2025 9:34
1591,BKSY,Buy,Market,879,879,0,13,0,0,0,1/24/2025 9:34,1/24/2025 9:35
1590,LX,Sell,Limit,824,824,0,7.95,0,0,7.95,1/24/2025 9:34,1/29/2025 10:04
1593,BKSY,Sell,Limit,440,440,0,16.31,0,0,16.31,1/24/2025 9:35,1/28/2025 9:32
1594,OPFI,Buy,Market,909,909,0,12.59,0,0,0,1/24/2025 9:51,1/24/2025 9:52
1595,OPFI,Sell,Stop,909,909,0,11.9,0,11.9,0,1/24/2025 9:52,1/27/2025 9:34
1597,RUM,Buy,Market,841,841,0,13.68,0,0,0,1/24/2025 10:32,1/24/2025 10:33
1598,RUM,Sell,Stop,841,841,0,12.62,0,13,0,1/24/2025 10:33,1/27/2025 9:31
1600,SERV,Buy,Market,554,554,0,20.76,0,0,0,1/24/2025 10:53,1/24/2025 10:54
1601,SERV,Sell,Stop,554,554,0,17.96,0,17.96,0,1/24/2025 10:54,1/27/2025 9:31
1603,HUT,Buy,Market,417,417,0,27.65,0,0,0,1/24/2025 12:53,1/24/2025 12:54
1604,HUT,Sell,Stop,417,417,0,25.97,0,25.97,0,1/24/2025 12:54,1/24/2025 15:06
1606,OPFI,Buy,Market,831,831,0,13.27,0,0,0,1/28/2025 9:34,1/28/2025 9:35
1609,RDDT,Buy,Market,57,57,0,191.16,0,0,0,1/28/2025 9:54,1/28/2025 9:55
1612,SEMR,Buy,Market,649,649,0,17.12,0,0,0,1/28/2025 10:17,1/28/2025 10:18
1615,ROOT,Buy,Market,124,124,0,90.13,0,0,0,1/29/2025 15:10,1/29/2025 15:11
1618,LUNR,Sell,Market,536,536,0,21.28,0,0,0,1/30/2025 9:31,1/30/2025 9:32
1619,TEM,Buy,Market,199,199,0,56.49,0,0,0,1/30/2025 10:35,1/30/2025 10:36
1622,GRAL,Buy,Market,375,375,0,30.16,0,0,0,1/30/2025 13:35,1/30/2025 13:36
1625,RKLB,Sell,Market,401,401,0,28.39,0,0,0,1/31/2025 9:31,1/31/2025 9:32
1626,RDW,Buy,Market,455,455,0,24.9,0,0,0,1/31/2025 9:37,1/31/2025 9:38
1629,LUNR,Buy,Market,484,484,0,23.5,0,0,0,1/31/2025 10:27,1/31/2025 10:28
1632,ACHR,Buy,Market,1137,1137,0,10.01,0,0,0,1/31/2025 10:28,1/31/2025 10:29
1630,LUNR,Sell,Stop,484,484,0,22.13,0,22.13,0,1/31/2025 10:28,1/31/2025 14:46
1633,ACHR,Sell,Stop,1137,1137,0,9.31,0,9.31,0,1/31/2025 10:29,1/31/2025 15:05
1635,REAL,Buy,Market,1141,1141,0,10.02,0,0,0,1/31/2025 12:52,1/31/2025 12:53
