Index,Symbol,Direction,Entry Price,Entry Date/Time (E),Exit Date/Time (E),Status,Current Price,Exit Price,Entry Qty,Qty,SL,TP,Exit Qty,Change,Change %,Ticks/Pips,Account PnL,PnL,PnL %,MFE,MAE
0,STTK,Long,7.86,1/2/2024 12:40,1/3/2024 12:33,Closed,0,6.99,635,0,0,0,635,-0.87,-11.07,-87,-552.45,-552.45,-11.07,0.09,-0.87
1,IOVA,Long,8.38,1/5/2024 13:38,1/17/2024 9:32,Closed,0,8.07,592,0,0,0,592,-0.31,-3.7,-31,-183.52,-183.52,-3.7,1.93,-0.32
2,TREE,Long,32,1/8/2024 9:34,1/11/2024 11:41,Closed,0,29.87,153,0,0,0,153,-2.13,-6.66,-213,-325.89,-325.89,-6.66,3.97,-2.13
3,ARDX,Long,6.85,1/8/2024 9:36,1/19/2024 9:32,Closed,0,7.84,727,0,0,0,727,1.21,17.66,121,723.15,723.15,14.52,2.53,-0.13
4,NKTX,Long,6.33,1/8/2024 9:41,1/19/2024 9:32,Closed,0,8.7,786,0,0,0,786,2.01,31.75,201,1866.75,1866.75,37.52,5.29,-0.04
5,CABA,Long,23.07,1/8/2024 10:19,1/10/2024 12:30,Closed,0,22.29,219,0,0,0,219,-0.78,-3.38,-78,-170.82,-170.82,-3.38,1.55,-0.78
6,CCCC,Long,6.87,1/8/2024 13:16,1/18/2024 9:32,Closed,0,6.55,752,0,0,0,752,-0.32,-4.66,-32,-240.64,-240.64,-4.66,1.55,-0.53
7,CLDX,Long,40.5,1/8/2024 14:44,1/10/2024 12:48,Closed,0,38.6,128,0,0,0,128,-1.9,-4.69,-190,-243.2,-243.2,-4.69,1.14,-1.9
8,MARA,Long,26.87,1/10/2024 12:52,1/11/2024 10:49,Closed,0,23.78,193,0,0,0,193,-3.09,-11.5,-309,-596.37,-596.37,-11.5,2.31,-3.09
9,ZIMV,Long,18.09,1/10/2024 13:05,1/12/2024 12:03,Closed,0,17.11,287,0,0,0,287,-0.98,-5.42,-98,-281.26,-281.26,-5.42,0.23,-0.98
10,CRSP,Long,63.75,1/11/2024 9:55,1/17/2024 9:31,Closed,0,61.96,81,0,0,0,81,-1.79,-2.81,-179,-144.99,-144.99,-2.81,3.33,-1.79
11,KURA,Long,15.57,1/11/2024 14:37,1/17/2024 9:31,Closed,0,14.78,328,0,0,0,328,-0.79,-5.07,-79,-259.12,-259.12,-5.07,0.39,-0.79
12,TWST,Long,37.57,1/12/2024 9:48,1/12/2024 14:44,Closed,0,36.03,136,0,0,0,136,-1.54,-4.1,-154,-209.44,-209.44,-4.1,0.16,-1.54
13,MRUS,Long,33.43,1/19/2024 10:29,3/7/2024 9:33,Closed,0,43.96,148,0,0,0,148,14.92,44.63,1492,1558.44,1558.44,31.5,18.61,-0.03
14,VKTX,Long,22.11,1/19/2024 10:53,1/25/2024 9:32,Closed,0,21.7,224,0,0,0,224,-0.41,-1.85,-41,-91.84,-91.84,-1.85,1.65,-1.28
15,ACLX,Long,57.32,1/22/2024 9:35,1/23/2024 10:32,Closed,0,55.78,87,0,0,0,87,-1.54,-2.69,-154,-133.98,-133.98,-2.69,0.89,-1.54
16,IOT,Long,33.93,1/22/2024 9:35,1/22/2024 13:04,Closed,0,33.14,146,0,0,0,146,-0.79,-2.33,-79,-115.34,-115.34,-2.33,1.25,-0.79
17,ARCT,Long,33.4,1/22/2024 9:36,1/24/2024 13:04,Closed,0,33,147,0,0,0,147,-0.4,-1.2,-40,-58.8,-58.8,-1.2,1.58,-0.4
18,KYMR,Long,28.88,1/22/2024 9:54,3/6/2024 9:38,Closed,0,38.96,172,0,0,0,172,13.74,47.58,1374,1733.76,1733.76,34.9,16.43,-0.75
19,EYPT,Long,23.46,1/22/2024 11:01,2/15/2024 9:32,Closed,0,29.11,211,0,0,0,211,5.84,24.89,584,1191.96,1191.96,24.08,7.53,-0.84
20,ZJYL,Long,6.83,1/23/2024 12:36,2/8/2024 9:32,Closed,0,13,739,0,0,0,739,7.27,106.44,727,4558.53,4558.53,90.31,8.57,-0.08
21,OSCR,Long,11.82,1/24/2024 9:35,2/23/2024 9:32,Closed,0,16.69,435,0,0,0,435,4.12,34.86,412,2117.02,2117.02,41.17,6.73,-0.32
22,TNGX,Long,11.81,1/24/2024 9:40,1/29/2024 9:33,Closed,0,11.39,436,0,0,0,436,-0.42,-3.56,-42,-183.12,-183.12,-3.56,1.19,-0.42
23,RYTM,Long,43.65,1/24/2024 12:53,2/21/2024 9:32,Closed,0,49.66,117,0,0,0,117,4.93,11.29,493,702.67,702.67,13.76,8.92,-0.45
24,ARDX,Long,9.1,1/26/2024 9:37,1/31/2024 9:31,Closed,0,8.82,576,0,0,0,576,-0.28,-3.08,-28,-161.28,-161.28,-3.08,0.35,-0.28
25,EOLS,Long,12.88,1/29/2024 9:34,2/21/2024 9:32,Closed,0,13.16,397,0,0,0,397,0.28,2.17,28,111.16,111.16,2.17,1.22,-0.28
26,PRCT,Long,47.38,1/29/2024 10:14,2/1/2024 9:34,Closed,0,46.82,108,0,0,0,108,-0.56,-1.18,-56,-60.48,-60.48,-1.18,1.4,-1.22
27,GTLB,Long,71.66,1/29/2024 10:31,2/2/2024 9:36,Closed,0,69.74,72,0,0,0,72,-1.92,-2.68,-192,-138.24,-138.24,-2.68,3.5,-1.92
28,PTGX,Long,25.64,1/29/2024 10:33,2/7/2024 9:32,Closed,0,27.46,201,0,0,0,201,0.04,0.16,4,365.04,365.04,7.08,4.01,-0.73
29,ARVN,Long,40.31,1/31/2024 9:37,2/22/2024 9:32,Closed,0,47.48,128,0,0,0,128,8.21,20.37,821,917.76,917.76,17.79,12.77,-0.14
30,AMCX,Long,19.01,1/31/2024 12:58,1/31/2024 15:44,Closed,0,18.25,276,0,0,0,276,-0.76,-4,-76,-209.76,-209.76,-4,0.26,-0.76
31,RXST,Long,48.1,2/1/2024 10:36,2/2/2024 11:37,Closed,0,46.32,108,0,0,0,108,-1.78,-3.7,-178,-192.24,-192.24,-3.7,2.1,-1.78
32,NKTX,Long,9.7,2/1/2024 11:13,2/6/2024 9:31,Closed,0,9.05,540,0,0,0,540,-0.65,-6.7,-65,-351,-351,-6.7,1.42,-0.65
33,NTRA,Long,67.22,2/1/2024 11:38,2/2/2024 9:41,Closed,0,66,78,0,0,0,78,-1.22,-1.81,-122,-95.16,-95.16,-1.81,1.39,-1.22
34,TNGX,Long,12.53,2/2/2024 10:48,2/5/2024 9:48,Closed,0,12.14,422,0,0,0,422,-0.39,-3.11,-39,-164.58,-164.58,-3.11,0.46,-0.39
35,FSLY,Long,21.48,2/2/2024 11:40,2/15/2024 9:31,Closed,0,21.24,245,0,0,0,245,-3.41,-15.88,-341,-58.31,-58.31,-1.11,4.39,-3.41
36,ACLX,Long,64.86,2/5/2024 13:31,2/8/2024 10:24,Closed,0,62.3,81,0,0,0,81,-2.56,-3.95,-256,-207.36,-207.36,-3.95,2.66,-2.56
37,SANA,Long,6,2/5/2024 15:41,3/8/2024 9:32,Closed,0,8.61,884,0,0,0,884,3.87,64.5,387,2307.24,2307.24,43.5,6,-0.16
38,ARCT,Long,35.68,2/6/2024 9:47,2/20/2024 9:32,Closed,0,36.31,149,0,0,0,149,0.63,1.77,63,93.87,93.87,1.77,6,-0.04
39,PRAX,Long,45.26,2/6/2024 13:50,2/14/2024 9:36,Closed,0,42,117,0,0,0,117,-3.26,-7.2,-326,-381.42,-381.42,-7.2,3.04,-3.97
40,S,Long,28.62,2/7/2024 9:34,2/13/2024 9:31,Closed,0,28,186,0,0,0,186,-0.62,-2.17,-62,-115.32,-115.32,-2.17,1.7,-0.62
41,LQDA,Long,13.81,2/7/2024 9:56,2/20/2024 10:08,Closed,0,13.44,380,0,0,0,380,-0.37,-2.68,-37,-140.6,-140.6,-2.68,1.34,-0.37
42,TMDX,Long,89.1,2/7/2024 10:31,2/8/2024 9:32,Closed,0,86,59,0,0,0,59,-3.1,-3.48,-310,-182.9,-182.9,-3.48,1.53,-3.1
43,IOVA,Long,8.3,2/7/2024 10:32,2/8/2024 9:41,Closed,0,7.99,641,0,0,0,641,-0.31,-3.73,-31,-198.71,-198.71,-3.73,0.14,-0.31
44,VKTX,Long,26.86,2/8/2024 9:35,3/8/2024 9:32,Closed,0,54.51,205,0,0,0,205,49.78,185.33,4978,5667.94,5667.94,102.94,72.55,-0.3
45,ARDX,Long,9.48,2/8/2024 9:41,2/13/2024 14:18,Closed,0,8.97,578,0,0,0,578,-0.51,-5.38,-51,-294.78,-294.78,-5.38,0.65,-0.51
46,GTLB,Long,74.98,2/8/2024 9:50,2/12/2024 12:01,Closed,0,73.47,72,0,0,0,72,-1.51,-2.01,-151,-108.72,-108.72,-2.01,3.55,-1.51
47,VSCO,Long,27.26,2/8/2024 9:52,2/22/2024 9:32,Closed,0,28.69,200,0,0,0,200,1.43,5.25,143,286,286,5.25,3.54,-0.15
48,MOD,Long,71.1,2/8/2024 10:13,3/8/2024 9:32,Closed,0,84.93,77,0,0,0,77,16.66,23.43,1666,1065.08,1065.08,19.45,24.9,-1.98
49,NKTX,Long,10.6,2/8/2024 10:19,2/15/2024 9:32,Closed,0,10.29,523,0,0,0,523,-0.31,-2.92,-31,-162.13,-162.13,-2.92,1.6,-0.46
50,RXST,Long,49.01,2/8/2024 13:47,3/1/2024 9:32,Closed,0,55.41,112,0,0,0,112,6.69,13.65,669,716.8,716.8,13.06,9.03,-1.39
51,RNA,Long,12.75,2/9/2024 9:38,3/26/2024 9:32,Closed,0,19.67,441,0,0,0,441,10.85,85.1,1085,3053.45,3053.45,54.31,13.49,0
52,VERA,Long,39.73,2/9/2024 9:42,2/29/2024 9:33,Closed,0,48,141,0,0,0,141,8.27,20.82,827,1166.07,1166.07,20.82,10.96,-1.43
53,TWST,Long,37.84,2/9/2024 9:45,2/9/2024 10:26,Closed,0,36.51,149,0,0,0,149,-1.33,-3.51,-133,-198.17,-198.17,-3.51,0,-1.33
54,STNE,Long,19.1,2/9/2024 9:49,2/9/2024 11:07,Closed,0,18.38,295,0,0,0,295,-0.72,-3.77,-72,-212.4,-212.4,-3.77,0.36,-0.72
55,TWST,Long,37.59,2/9/2024 12:55,2/13/2024 9:31,Closed,0,36.32,151,0,0,0,151,-1.27,-3.38,-127,-191.77,-191.77,-3.38,3.24,-1.27
56,AAOI,Long,21.75,2/12/2024 10:12,2/13/2024 9:31,Closed,0,19.84,266,0,0,0,266,-1.91,-8.78,-191,-508.06,-508.06,-8.78,0.6,-1.91
57,TRML,Long,38.26,2/13/2024 11:19,2/21/2024 9:40,Closed,0,36.97,146,0,0,0,146,-1.29,-3.37,-129,-188.34,-188.34,-3.37,5.08,-2.63
58,KROS,Long,58.26,2/14/2024 9:37,3/7/2024 9:35,Closed,0,68.01,97,0,0,0,97,8.5,14.59,850,945.46,945.46,16.73,14.74,-2.04
59,NXT,Long,60.23,2/14/2024 9:45,2/20/2024 15:53,Closed,0,58.64,93,0,0,0,93,-1.59,-2.64,-159,-147.87,-147.87,-2.64,1.22,-1.59
60,FATE,Long,6.96,2/15/2024 10:17,2/21/2024 10:41,Closed,0,6.51,817,0,0,0,817,-0.45,-6.47,-45,-367.65,-367.65,-6.47,0.78,-0.45
61,KURA,Long,21.13,2/20/2024 9:34,2/20/2024 11:15,Closed,0,20.23,273,0,0,0,273,-0.9,-4.26,-90,-245.7,-245.7,-4.26,0.76,-0.9
62,CRBP,Long,25.3,2/21/2024 9:38,3/21/2024 9:35,Closed,0,35.77,225,0,0,0,225,13.38,52.89,1338,2355.3,2355.3,41.38,24.57,-1.5
63,RXRX,Long,13.42,2/22/2024 9:38,2/28/2024 9:35,Closed,0,12.85,423,0,0,0,423,-0.57,-4.25,-57,-241.11,-241.11,-4.25,2.32,-0.57
64,ADVM,Long,22.3,2/22/2024 12:05,2/26/2024 11:31,Closed,0,19.8,259,0,0,0,259,-2.5,-11.21,-250,-647.5,-647.5,-11.21,0.1,-2.5
65,TARS,Long,31.91,2/23/2024 10:28,2/26/2024 9:31,Closed,0,31.05,178,0,0,0,178,-0.86,-2.7,-86,-153.08,-153.08,-2.7,0.62,-0.86
66,POWL,Long,159.35,2/23/2024 12:01,3/6/2024 9:32,Closed,0,178.46,35,0,0,0,35,14.06,8.82,1406,668.86,668.86,11.99,38.52,-2.07
67,COIN,Long,172.79,2/26/2024 9:34,3/15/2024 9:32,Closed,0,216.37,32,0,0,0,32,54.67,31.64,5467,1394.56,1394.56,25.22,98.86,-0.58
68,KURA,Long,20.79,2/26/2024 9:36,3/15/2024 9:32,Closed,0,23.02,274,0,0,0,274,1.33,6.4,133,611.02,611.02,10.73,3.38,-0.31
69,APP,Long,59.29,2/26/2024 9:40,2/29/2024 9:39,Closed,0,57.72,96,0,0,0,96,-1.57,-2.65,-157,-150.72,-150.72,-2.65,2.06,-1.57
70,TARS,Long,32.56,2/26/2024 11:15,3/8/2024 9:33,Closed,0,36.02,177,0,0,0,177,3,9.21,300,611.96,611.96,10.62,7.84,-0.06
71,PLTR,Long,24.25,2/27/2024 9:34,3/4/2024 10:00,Closed,0,23.72,252,0,0,0,252,-0.53,-2.19,-53,-133.56,-133.56,-2.19,1.44,-0.53
72,GCT,Long,35.81,2/27/2024 10:17,2/28/2024 9:48,Closed,0,33.75,169,0,0,0,169,-2.06,-5.75,-206,-348.14,-348.14,-5.75,0.33,-2.06
73,CRSP,Long,88.37,2/27/2024 12:17,2/29/2024 11:02,Closed,0,84.66,69,0,0,0,69,-3.71,-4.2,-371,-255.99,-255.99,-4.2,2.25,-3.71
74,TREE,Long,35.54,2/28/2024 9:44,3/15/2024 9:32,Closed,0,39.96,176,0,0,0,176,2.44,6.87,244,777.92,777.92,12.44,8.97,-1.38
75,CGEM,Long,18.52,2/28/2024 9:45,2/28/2024 12:59,Closed,0,17.93,337,0,0,0,337,-0.59,-3.19,-59,-198.83,-198.83,-3.19,0.82,-0.59
76,MGNX,Long,18.54,2/29/2024 13:29,3/8/2024 13:13,Closed,0,17.64,333,0,0,0,333,-0.9,-4.85,-90,-299.7,-299.7,-4.85,3.34,-0.9
77,ARVN,Long,49.6,3/1/2024 9:53,3/4/2024 15:36,Closed,0,46.5,126,0,0,0,126,-3.1,-6.25,-310,-390.6,-390.6,-6.25,1.91,-3.1
78,BHVN,Long,49.83,3/1/2024 10:07,3/15/2024 9:32,Closed,0,57.34,126,0,0,0,126,7.34,14.73,734,945.63,945.63,15.06,12.38,-0.32
79,FROG,Long,45.12,3/1/2024 10:18,3/4/2024 9:58,Closed,0,43.85,140,0,0,0,140,-1.27,-2.81,-127,-177.8,-177.8,-2.81,0.28,-1.27
80,ASPN,Long,18.57,3/1/2024 11:46,3/4/2024 11:41,Closed,0,17.2,340,0,0,0,340,-1.37,-7.38,-137,-465.8,-465.8,-7.38,0.15,-1.37
81,HIMS,Long,13.73,3/4/2024 9:41,3/6/2024 9:31,Closed,0,13.34,462,0,0,0,462,-0.39,-2.84,-39,-180.18,-180.18,-2.84,1.16,-0.39
82,BLZE,Long,11.84,3/6/2024 9:35,3/11/2024 9:33,Closed,0,11.17,539,0,0,0,539,-0.67,-5.66,-67,-361.13,-361.13,-5.66,0.81,-0.67
83,PLTR,Long,26.15,3/6/2024 9:45,3/6/2024 9:58,Closed,0,25.16,243,0,0,0,243,-0.99,-3.79,-99,-240.57,-240.57,-3.79,0.15,-0.99
84,IMNM,Long,26.41,3/6/2024 9:50,3/6/2024 11:28,Closed,0,25.4,240,0,0,0,240,-1.01,-3.82,-101,-242.4,-242.4,-3.82,0.05,-1.01
85,PLTR,Long,25.99,3/6/2024 11:13,3/12/2024 13:03,Closed,0,24.53,245,0,0,0,245,-1.46,-5.62,-146,-357.7,-357.7,-5.62,1.51,-1.46
86,MAX,Long,22.56,3/7/2024 9:34,3/7/2024 9:47,Closed,0,21.43,281,0,0,0,281,-1.13,-5.01,-113,-317.53,-317.53,-5.01,0.08,-1.13
87,CVNA,Long,87.36,3/8/2024 9:34,3/8/2024 9:35,Closed,0,85.53,72,0,0,0,72,-1.83,-2.09,-183,-131.76,-131.76,-2.09,0,-1.83
88,CVNA,Long,87.24,3/8/2024 9:38,3/8/2024 13:05,Closed,0,84.8,72,0,0,0,72,-2.44,-2.8,-244,-175.68,-175.68,-2.8,3.24,-2.44
89,SOUN,Long,6.39,3/12/2024 10:00,3/22/2024 9:32,Closed,0,7.92,974,0,0,0,974,-0.1,-1.56,-10,1490.22,1490.22,23.94,3.86,-0.3
90,KRYS,Long,177.26,3/12/2024 11:43,3/18/2024 9:37,Closed,0,168.02,35,0,0,0,35,-9.24,-5.21,-924,-323.4,-323.4,-5.21,4.16,-9.24
91,BAND,Long,21.3,3/13/2024 9:34,3/13/2024 11:49,Closed,0,20.39,297,0,0,0,297,-0.91,-4.27,-91,-270.27,-270.27,-4.27,0.38,-0.91
92,ASPN,Long,18.5,3/13/2024 9:34,3/14/2024 9:31,Closed,0,17.42,340,0,0,0,340,-1.08,-5.84,-108,-367.2,-367.2,-5.84,0.51,-1.08
93,HIMS,Long,14.99,3/13/2024 9:40,3/28/2024 9:32,Closed,0,15.81,423,0,0,0,423,0.82,5.47,82,346.86,346.86,5.47,2.17,-0.91
94,BMA,Long,41.74,3/13/2024 10:26,4/1/2024 9:32,Closed,0,48.98,152,0,0,0,152,6.83,16.36,683,1100.48,1100.48,17.35,12.93,-0.74
95,LQDA,Long,14.4,3/13/2024 13:51,3/28/2024 9:32,Closed,0,15.71,440,0,0,0,440,0.63,4.37,63,578.6,578.6,9.13,2.59,-0.14
96,FDMT,Long,30.81,3/15/2024 9:50,4/1/2024 9:32,Closed,0,31.64,205,0,0,0,205,0.83,2.69,83,170.15,170.15,2.69,5.44,-1.58
97,ROOT,Long,48.41,3/15/2024 10:11,3/20/2024 9:31,Closed,0,43.5,130,0,0,0,130,-4.91,-10.14,-491,-638.3,-638.3,-10.14,12.17,-4.91
98,ATXS,Long,15.62,3/15/2024 10:43,3/20/2024 11:40,Closed,0,14.62,406,0,0,0,406,-1,-6.4,-100,-406,-406,-6.4,1.18,-1
99,APP,Long,64.7,3/18/2024 9:34,4/1/2024 9:32,Closed,0,70.08,98,0,0,0,98,3.94,6.09,394,527.24,527.24,8.32,9.85,-0.97
100,CVNA,Long,83.67,3/20/2024 9:55,4/3/2024 9:32,Closed,0,81.91,76,0,0,0,76,-1.76,-2.1,-176,-133.76,-133.76,-2.1,10.37,-2.33
101,MNMD,Long,10.42,3/21/2024 9:35,3/21/2024 9:36,Closed,0,10.02,616,0,0,0,616,-0.4,-3.84,-40,-246.4,-246.4,-3.84,0.03,-0.4
102,MNMD,Long,10.31,3/21/2024 9:41,3/21/2024 10:08,Closed,0,9.87,622,0,0,0,622,-0.44,-4.27,-44,-273.68,-273.68,-4.27,0.09,-0.44
103,CLS,Long,45.8,3/21/2024 9:58,3/27/2024 10:03,Closed,0,44.86,140,0,0,0,140,-0.94,-2.05,-94,-131.6,-131.6,-2.05,1.63,-0.94
104,CRDF,Long,5.4,3/22/2024 9:51,4/3/2024 9:32,Closed,0,5.43,1181,0,0,0,1181,0.03,0.56,3,35.43,35.43,0.56,1.02,-0.21
105,ADMA,Long,6.48,3/25/2024 9:52,4/3/2024 15:37,Closed,0,6.29,994,0,0,0,994,-0.19,-2.93,-19,-188.86,-188.86,-2.93,0.28,-0.19
106,VKTX,Long,81.98,3/26/2024 9:35,4/2/2024 9:33,Closed,0,76.92,78,0,0,0,78,-5.06,-6.17,-506,-394.68,-394.68,-6.17,7.12,-5.06
107,PACK,Long,7.9,3/26/2024 9:49,4/2/2024 9:33,Closed,0,7.65,813,0,0,0,813,-0.25,-3.16,-25,-203.25,-203.25,-3.16,0.37,-0.25
108,DELL,Long,115.8,3/26/2024 9:51,3/27/2024 9:55,Closed,0,113.25,55,0,0,0,55,-2.55,-2.2,-255,-140.25,-140.25,-2.2,1.05,-2.55
109,KRYS,Long,174.98,3/26/2024 14:02,4/11/2024 9:43,Closed,0,178.01,36,0,0,0,36,3.03,1.73,303,109.08,109.08,1.73,7.53,-3.86
110,TARS,Long,35.56,3/28/2024 10:41,4/8/2024 9:39,Closed,0,34.82,177,0,0,0,177,-0.74,-2.08,-74,-130.98,-130.98,-2.08,1.79,-1.23
111,MAX,Long,20.6,3/28/2024 11:54,4/1/2024 14:21,Closed,0,20.01,307,0,0,0,307,-0.59,-2.86,-59,-181.13,-181.13,-2.86,0.47,-0.59
112,CRBP,Long,41.8,4/8/2024 9:36,4/8/2024 9:44,Closed,0,40,147,0,0,0,147,-1.8,-4.31,-180,-264.6,-264.6,-4.31,0.2,-1.8
113,TARS,Long,36.85,4/11/2024 11:17,4/12/2024 11:16,Closed,0,35.55,168,0,0,0,168,-1.3,-3.53,-130,-218.4,-218.4,-3.53,1.61,-1.3
114,EVER,Long,19.58,4/12/2024 9:44,4/15/2024 12:39,Closed,0,19.03,316,0,0,0,316,-0.55,-2.81,-55,-173.8,-173.8,-2.81,0.49,-0.55
115,CGEM,Long,20,4/16/2024 9:36,4/16/2024 10:14,Closed,0,19.32,308,0,0,0,308,-0.68,-3.4,-68,-209.44,-209.44,-3.4,0.62,-0.68
116,EVER,Long,20.56,4/17/2024 9:38,4/17/2024 10:12,Closed,0,20.01,299,0,0,0,299,-0.55,-2.68,-55,-164.45,-164.45,-2.68,0.18,-0.55
117,SMTC,Long,33.49,4/23/2024 10:01,4/23/2024 11:45,Closed,0,32.14,183,0,0,0,183,-1.35,-4.03,-135,-247.05,-247.05,-4.03,0.43,-1.35
118,OSCR,Long,17.12,4/23/2024 10:30,5/23/2024 9:32,Closed,0,21.51,359,0,0,0,359,5.27,30.78,527,1575.13,1575.13,25.63,6.32,-0.35
119,TMDX,Long,91.26,4/26/2024 9:40,5/31/2024 9:32,Closed,0,124.29,67,0,0,0,67,47.68,52.25,4768,2213.32,2213.32,36.2,52.96,-1.17
120,MEG,Long,42.26,4/26/2024 9:55,5/8/2024 13:29,Closed,0,40.84,145,0,0,0,145,-1.42,-3.36,-142,-205.9,-205.9,-3.36,5.68,-1.42
121,JANX,Long,50.66,4/29/2024 10:05,5/9/2024 9:32,Closed,0,57.3,122,0,0,0,122,3.91,7.72,391,810.69,810.69,13.12,14.94,-0.13
122,EVER,Long,19.98,4/30/2024 9:41,5/24/2024 9:35,Closed,0,23.82,310,0,0,0,310,4.19,20.97,419,1191.95,1191.95,19.24,5.71,-0.16
123,RXST,Long,55.31,5/1/2024 14:16,5/14/2024 9:33,Closed,0,60.83,113,0,0,0,113,4.09,7.39,409,624.01,624.01,9.98,11.23,-0.47
124,CVNA,Long,88.61,5/1/2024 14:42,5/17/2024 9:32,Closed,0,119.05,71,0,0,0,71,29.52,33.31,2952,2161.44,2161.44,34.36,40.39,-2.38
125,FTAI,Long,74.4,5/2/2024 10:51,5/20/2024 9:34,Closed,0,78.48,86,0,0,0,86,4.08,5.48,408,350.88,350.88,5.48,7,-0.47
126,GOTU,Long,7.08,5/2/2024 11:11,5/21/2024 9:31,Closed,0,6.65,913,0,0,0,913,-0.43,-6.07,-43,-392.59,-392.59,-6.07,1.36,-0.43
127,MMYT,Long,69.55,5/2/2024 13:21,5/23/2024 9:32,Closed,0,79.14,92,0,0,0,92,10.14,14.58,1014,882.28,882.28,13.79,20.28,-0.33
128,APP,Long,74.24,5/3/2024 9:52,5/23/2024 9:32,Closed,0,82.69,87,0,0,0,87,6.77,9.12,677,735.07,735.07,11.38,14.26,-1.14
129,CAVA,Long,72.33,5/3/2024 10:47,5/24/2024 9:33,Closed,0,79.07,90,0,0,0,90,6.74,9.32,674,606.6,606.6,9.32,9.41,-1.57
130,MOD,Long,98,5/6/2024 9:55,5/20/2024 9:32,Closed,0,102.75,67,0,0,0,67,4.75,4.85,475,318.25,318.25,4.85,11.52,-0.2
131,DELL,Long,130.32,5/8/2024 9:58,6/3/2024 9:32,Closed,0,142.8,50,0,0,0,50,9.26,7.11,926,624.25,624.25,9.58,49.38,-1.72
132,RNA,Long,27.07,5/9/2024 12:09,5/10/2024 9:39,Closed,0,26.2,247,0,0,0,247,-0.87,-3.21,-87,-214.89,-214.89,-3.21,0.42,-0.87
133,OUST,Long,10.24,5/9/2024 13:05,5/23/2024 9:32,Closed,0,11.93,653,0,0,0,653,1.31,12.79,131,1106.45,1106.45,16.55,3.93,0
134,GME,Long,17.6,5/9/2024 15:37,5/20/2024 9:32,Closed,0,23.93,381,0,0,0,381,3.94,22.39,394,2413.14,2413.14,35.99,47.23,-0.72
135,SMR,Long,6.4,5/10/2024 9:40,5/17/2024 9:32,Closed,0,7.03,1059,0,0,0,1059,-0.14,-2.19,-14,662.64,662.64,9.78,1.41,-0.54
136,WGS,Long,22.29,5/13/2024 9:36,5/22/2024 9:31,Closed,0,20.51,310,0,0,0,310,-1.78,-7.99,-178,-551.8,-551.8,-7.99,2.11,-1.78
137,TWST,Long,44.23,5/13/2024 9:39,5/21/2024 9:32,Closed,0,44.69,157,0,0,0,157,0.46,1.04,46,72.22,72.22,1.04,6.27,-0.69
138,MRNA,Long,125.57,5/13/2024 13:13,6/3/2024 9:32,Closed,0,141.15,55,0,0,0,55,12.95,10.31,1295,856.73,856.73,12.4,44.9,-0.94
139,RNA,Long,27.59,5/14/2024 9:35,5/24/2024 9:32,Closed,0,27.5,265,0,0,0,265,-0.09,-0.33,-9,-23.85,-23.85,-0.33,3.25,-0.75
140,ACB,Long,7.16,5/14/2024 9:38,5/15/2024 10:27,Closed,0,6.85,1014,0,0,0,1014,-0.31,-4.33,-31,-314.34,-314.34,-4.33,0.3,-0.31
141,STOK,Long,12.32,5/14/2024 9:41,5/14/2024 10:06,Closed,0,11.75,593,0,0,0,593,-0.57,-4.63,-57,-338.01,-338.01,-4.63,0.32,-0.57
142,PI,Long,164.84,5/14/2024 12:46,5/24/2024 9:35,Closed,0,169.7,44,0,0,0,44,4.86,2.95,486,213.84,213.84,2.95,10.57,-3.15
143,STOK,Long,12.26,5/14/2024 14:46,5/29/2024 9:35,Closed,0,14.26,590,0,0,0,590,1.57,12.81,157,1182.95,1182.95,16.35,4.4,0
144,BMA,Long,64.96,5/15/2024 9:43,5/20/2024 9:57,Closed,0,63.9,112,0,0,0,112,-1.06,-1.63,-106,-118.72,-118.72,-1.63,2.47,-1.06
145,TNDM,Long,45.49,5/15/2024 10:42,6/5/2024 9:32,Closed,0,52.23,159,0,0,0,159,5.86,12.88,586,1071.74,1071.74,14.82,8.2,-0.32
146,JMIA,Long,6.56,5/15/2024 14:30,5/21/2024 9:50,Closed,0,5.89,1115,0,0,0,1115,-0.67,-10.21,-67,-747.05,-747.05,-10.21,0.87,-0.67
147,CGC,Long,10.38,5/16/2024 9:38,5/16/2024 12:29,Closed,0,9.84,702,0,0,0,702,-0.54,-5.2,-54,-379.08,-379.08,-5.2,0.65,-0.54
148,CGC,Long,10.36,5/16/2024 12:45,5/20/2024 9:55,Closed,0,9.72,697,0,0,0,697,-0.64,-6.18,-64,-446.08,-446.08,-6.18,1.59,-0.64
149,HOOD,Long,19.27,5/17/2024 9:55,6/17/2024 9:32,Closed,0,22.72,373,0,0,0,373,3.27,16.97,327,1288.53,1288.53,17.93,5.01,-0.31
150,ROOT,Long,67.08,5/17/2024 10:46,5/21/2024 13:20,Closed,0,61.12,108,0,0,0,108,-5.96,-8.88,-596,-643.68,-643.68,-8.88,3.26,-5.96
151,SEMR,Long,15.98,5/20/2024 10:36,5/23/2024 15:07,Closed,0,15.73,447,0,0,0,447,-0.25,-1.56,-25,-111.75,-111.75,-1.56,0.44,-0.25
152,FTEL,Long,12.8,5/20/2024 12:22,5/30/2024 11:58,Closed,0,21.9,563,0,0,0,563,-1.6,-12.5,-160,5125.54,5125.54,71.12,21.26,-1.6
153,SMTC,Long,40.88,5/21/2024 10:32,5/23/2024 10:57,Closed,0,39.5,173,0,0,0,173,-1.38,-3.38,-138,-238.74,-238.74,-3.38,0.74,-1.38
154,HROW,Long,17.31,5/22/2024 12:58,6/4/2024 9:32,Closed,0,16.73,409,0,0,0,409,-0.58,-3.35,-58,-237.22,-237.22,-3.35,1.43,-0.6
155,CDNA,Long,15.94,5/23/2024 11:39,5/29/2024 9:35,Closed,0,15.01,447,0,0,0,447,-0.93,-5.83,-93,-415.71,-415.71,-5.83,1.09,-0.93
156,ZIM,Long,20.25,5/24/2024 9:34,6/6/2024 13:49,Closed,0,19.41,349,0,0,0,349,-0.84,-4.15,-84,-293.16,-293.16,-4.15,3.57,-0.84
157,ASPN,Long,27.99,5/24/2024 9:36,5/24/2024 9:38,Closed,0,27.7,252,0,0,0,252,-0.29,-1.04,-29,-73.08,-73.08,-1.04,0.05,-0.29
158,MGNI,Long,12.31,5/24/2024 9:38,6/20/2024 9:32,Closed,0,13.2,575,0,0,0,575,0.89,7.23,89,511.75,511.75,7.23,1.71,-0.27
159,ASPN,Long,27.97,5/24/2024 9:41,6/12/2024 9:32,Closed,0,31.05,253,0,0,0,253,2.9,10.37,290,780.32,780.32,11.03,3.77,-0.05
160,HIMS,Long,17.44,5/28/2024 9:34,6/21/2024 9:32,Closed,0,21.92,413,0,0,0,413,4.99,28.61,499,1848.69,1848.69,25.67,8.3,-0.18
161,DESP,Long,15.39,5/28/2024 10:06,5/29/2024 9:31,Closed,0,14.91,463,0,0,0,463,-0.48,-3.12,-48,-222.24,-222.24,-3.12,0.24,-0.48
162,SMTC,Long,42.44,5/29/2024 9:37,5/30/2024 10:13,Closed,0,40.01,167,0,0,0,167,-2.43,-5.73,-243,-405.81,-405.81,-5.73,0.17,-2.43
163,BLBD,Long,56,5/30/2024 9:39,5/31/2024 10:31,Closed,0,55.21,128,0,0,0,128,-0.79,-1.41,-79,-101.12,-101.12,-1.41,1.42,-0.79
164,IREN,Long,8.78,6/3/2024 9:34,6/3/2024 13:10,Closed,0,8.2,835,0,0,0,835,-0.58,-6.61,-58,-484.3,-484.3,-6.61,0.31,-0.58
165,NVAX,Long,15.78,6/3/2024 9:41,6/11/2024 9:32,Closed,0,18.41,463,0,0,0,463,0.43,2.72,43,1217.57,1217.57,16.67,8.08,-0.38
166,DESP,Long,15.56,6/3/2024 9:46,6/3/2024 10:11,Closed,0,15.2,468,0,0,0,468,-0.36,-2.31,-36,-168.48,-168.48,-2.31,0.26,-0.36
167,WGS,Long,22.3,6/4/2024 10:48,6/21/2024 9:32,Closed,0,27.24,325,0,0,0,325,4.76,21.35,476,1606.94,1606.94,22.17,6.81,-0.54
168,SG,Long,32.24,6/5/2024 9:35,6/5/2024 9:40,Closed,0,31.28,227,0,0,0,227,-0.96,-2.98,-96,-217.92,-217.92,-2.98,0.06,-0.96
169,SG,Long,32,6/5/2024 10:27,6/17/2024 9:32,Closed,0,31.8,232,0,0,0,232,-0.2,-0.62,-20,-46.4,-46.4,-0.62,4.72,-0.65
170,APP,Long,85.86,6/6/2024 9:43,6/6/2024 10:01,Closed,0,83.59,87,0,0,0,87,-2.27,-2.64,-227,-197.49,-197.49,-2.64,1.22,-2.27
171,CRDO,Long,26.59,6/7/2024 9:39,6/24/2024 9:32,Closed,0,27.1,278,0,0,0,278,0.51,1.92,51,141.78,141.78,1.92,3.29,-0.03
172,INSM,Long,59.08,6/10/2024 12:55,7/2/2024 9:32,Closed,0,66.27,125,0,0,0,125,7.19,12.17,719,898.75,898.75,12.17,11.57,-1.16
173,FSLR,Long,287.75,6/11/2024 9:35,6/11/2024 10:01,Closed,0,277.91,25,0,0,0,25,-9.84,-3.42,-984,-246,-246,-3.42,1.25,-9.84
174,MRUS,Long,54.85,6/11/2024 9:42,6/20/2024 9:32,Closed,0,53.96,134,0,0,0,134,-0.89,-1.62,-89,-119.26,-119.26,-1.62,4.81,-1.11
175,ONON,Long,44.06,6/11/2024 9:43,6/11/2024 12:23,Closed,0,43.12,166,0,0,0,166,-0.94,-2.13,-94,-156.04,-156.04,-2.13,0.04,-0.94
176,FSLR,Long,285.99,6/11/2024 11:27,6/14/2024 12:19,Closed,0,275.42,25,0,0,0,25,-10.57,-3.7,-1057,-264.25,-264.25,-3.7,20.78,-10.57
177,ONON,Long,43.87,6/11/2024 13:56,6/12/2024 14:01,Closed,0,43.1,168,0,0,0,168,-0.77,-1.76,-77,-129.36,-129.36,-1.76,0.43,-0.77
178,ASTS,Long,9.5,6/11/2024 14:19,6/24/2024 9:32,Closed,0,10.37,781,0,0,0,781,0.87,9.16,87,679.47,679.47,9.16,2.97,-0.13
179,CDNA,Long,15.68,6/12/2024 9:34,6/12/2024 10:06,Closed,0,15.47,477,0,0,0,477,-0.21,-1.34,-21,-100.17,-100.17,-1.34,0.31,-0.21
180,AMSC,Long,23.94,6/12/2024 9:34,6/24/2024 11:27,Closed,0,23.03,315,0,0,0,315,-0.91,-3.8,-91,-286.65,-286.65,-3.8,3.44,-0.91
181,HROW,Long,18.62,6/12/2024 9:37,6/12/2024 12:24,Closed,0,18.33,401,0,0,0,401,-0.29,-1.56,-29,-116.29,-116.29,-1.56,0.5,-0.29
182,TWST,Long,54.66,6/12/2024 9:42,6/12/2024 9:58,Closed,0,53.1,137,0,0,0,137,-1.56,-2.85,-156,-213.72,-213.72,-2.85,0.6,-1.56
183,BLBD,Long,58.48,6/12/2024 10:09,6/13/2024 9:57,Closed,0,57.28,128,0,0,0,128,-1.2,-2.05,-120,-153.6,-153.6,-2.05,0.92,-1.2
184,CDNA,Long,15.78,6/12/2024 13:16,6/12/2024 14:33,Closed,0,15.39,476,0,0,0,476,-0.39,-2.47,-39,-185.64,-185.64,-2.47,0.06,-0.39
185,TMDX,Long,146.93,6/17/2024 9:53,6/17/2024 11:40,Closed,0,141.3,50,0,0,0,50,-5.63,-3.83,-563,-281.5,-281.5,-3.83,2.17,-5.63
186,CAVA,Long,93.29,6/17/2024 12:21,6/21/2024 9:32,Closed,0,89.19,80,0,0,0,80,-4.1,-4.39,-410,-328,-328,-4.39,4.35,-4.1
187,CHWY,Long,23.6,6/18/2024 9:38,7/2/2024 9:32,Closed,0,25.98,317,0,0,0,317,1.25,5.3,125,754.91,754.91,10.09,15.5,-0.01
188,CVNA,Long,113.82,6/24/2024 9:34,6/24/2024 9:35,Closed,0,112.95,64,0,0,0,64,-0.87,-0.76,-87,-55.68,-55.68,-0.76,0.41,-0.87
189,CVNA,Long,113.34,6/24/2024 9:39,6/24/2024 9:46,Closed,0,112.28,65,0,0,0,65,-1.06,-0.94,-106,-68.9,-68.9,-0.94,1.16,-1.06
190,CVNA,Long,113.53,6/24/2024 9:53,7/9/2024 9:32,Closed,0,127.87,65,0,0,0,65,9,7.93,900,932.2,932.2,12.63,23.39,-0.35
191,VITL,Long,43.76,6/24/2024 12:24,7/3/2024 9:32,Closed,0,44.17,168,0,0,0,168,0.41,0.94,41,68.88,68.88,0.94,4.65,-0.88
192,ENVX,Long,14.36,6/25/2024 9:36,7/19/2024 9:32,Closed,0,16.81,517,0,0,0,517,1.49,10.38,149,1265.69,1265.69,17.05,4.32,-0.25
193,MMYT,Long,84.38,6/25/2024 9:43,6/26/2024 10:30,Closed,0,81.59,88,0,0,0,88,-2.79,-3.31,-279,-245.52,-245.52,-3.31,0.83,-2.79
194,USM,Long,54.73,6/26/2024 15:22,7/11/2024 9:34,Closed,0,56.02,136,0,0,0,136,1.29,2.36,129,175.44,175.44,2.36,3.15,-0.55
195,CRDO,Long,30.29,6/27/2024 9:35,6/27/2024 10:09,Closed,0,29.79,247,0,0,0,247,-0.5,-1.65,-50,-123.5,-123.5,-1.65,0.81,-0.5
196,MRUS,Long,58.37,6/27/2024 10:08,7/1/2024 9:31,Closed,0,52.79,128,0,0,0,128,-5.58,-9.56,-558,-714.24,-714.24,-9.56,2.91,-5.58
197,CRDO,Long,30.12,6/27/2024 10:14,7/11/2024 9:32,Closed,0,31.36,249,0,0,0,249,1.24,4.12,124,308.76,308.76,4.12,2.66,-0.02
198,CDNA,Long,15.13,6/28/2024 9:36,6/28/2024 9:43,Closed,0,14.52,500,0,0,0,500,-0.61,-4.03,-61,-305,-305,-4.03,0,-0.61
199,EBS,Long,7.2,6/28/2024 9:44,6/28/2024 11:14,Closed,0,6.99,1040,0,0,0,1040,-0.21,-2.92,-21,-218.4,-218.4,-2.92,0.15,-0.21
200,CDNA,Long,15,6/28/2024 12:25,7/5/2024 9:31,Closed,0,14.41,496,0,0,0,496,-0.59,-3.93,-59,-292.64,-292.64,-3.93,1,-0.59
201,MMYT,Long,86.6,7/1/2024 14:19,7/12/2024 9:32,Closed,0,86.58,85,0,0,0,85,-0.02,-0.02,-2,-1.7,-1.7,-0.02,6.69,-2.73
202,GDS,Long,9.69,7/2/2024 11:21,7/19/2024 9:32,Closed,0,11.22,760,0,0,0,760,1.8,18.58,180,1159,1159,15.74,2.78,-0.05
203,FIP,Long,9.02,7/2/2024 15:19,7/15/2024 9:33,Closed,0,9.16,816,0,0,0,816,0.14,1.55,14,114.24,114.24,1.55,0.67,-0.26
204,AMSC,Long,25.79,7/3/2024 9:34,7/19/2024 9:32,Closed,0,28.34,287,0,0,0,287,-0.07,-0.27,-7,733.03,733.03,9.9,6.91,-1.04
205,APP,Long,85.72,7/3/2024 10:07,7/8/2024 9:47,Closed,0,83.65,86,0,0,0,86,-2.07,-2.41,-207,-178.02,-178.02,-2.41,6.19,-2.07
206,SMR,Long,12.35,7/5/2024 10:02,7/19/2024 9:32,Closed,0,14.66,605,0,0,0,605,0.23,1.86,23,1398.49,1398.49,18.72,4.56,-0.69
207,ARQT,Long,9.94,7/5/2024 10:28,7/10/2024 10:47,Closed,0,9.43,748,0,0,0,748,-0.51,-5.13,-51,-381.48,-381.48,-5.13,1.25,-0.51
208,INOD,Long,15.94,7/8/2024 9:47,7/22/2024 9:32,Closed,0,18.39,470,0,0,0,470,2.25,14.12,225,1149.15,1149.15,15.34,5.64,-0.05
209,MIRM,Long,35.09,7/8/2024 9:47,7/19/2024 9:32,Closed,0,38.48,213,0,0,0,213,2.35,6.7,235,722.09,722.09,9.66,5.29,-0.09
210,HIMX,Long,8.04,7/8/2024 9:54,7/17/2024 10:04,Closed,0,7.82,931,0,0,0,931,-0.22,-2.74,-22,-204.82,-204.82,-2.74,0.46,-0.22
211,EWTX,Long,19.9,7/8/2024 9:59,7/19/2024 9:32,Closed,0,21.29,379,0,0,0,379,1.39,6.98,139,526.81,526.81,6.98,3.6,-0.25
212,CAVA,Long,97.92,7/8/2024 11:22,7/8/2024 14:21,Closed,0,95.05,77,0,0,0,77,-2.87,-2.93,-287,-220.99,-220.99,-2.93,0.77,-2.87
213,CLS,Long,59.94,7/8/2024 11:23,7/17/2024 10:12,Closed,0,57.79,126,0,0,0,126,-2.15,-3.59,-215,-270.9,-270.9,-3.59,3.55,-2.15
214,WGS,Long,29.79,7/9/2024 13:16,7/22/2024 9:32,Closed,0,31.87,256,0,0,0,256,2.08,6.98,208,532.48,532.48,6.98,5.86,-0.38
215,CVNA,Long,134.01,7/10/2024 9:38,7/10/2024 10:30,Closed,0,129.5,57,0,0,0,57,-4.51,-3.37,-451,-257.07,-257.07,-3.37,2.54,-4.51
216,TWST,Long,51.92,7/10/2024 9:38,7/10/2024 9:52,Closed,0,50.99,148,0,0,0,148,-0.93,-1.79,-93,-137.64,-137.64,-1.79,0.46,-0.93
217,AOSL,Long,39.29,7/11/2024 9:35,7/11/2024 9:43,Closed,0,38.7,195,0,0,0,195,-0.59,-1.5,-59,-115.05,-115.05,-1.5,0.38,-0.59
218,AOSL,Long,39.22,7/11/2024 10:03,7/11/2024 12:52,Closed,0,38.38,194,0,0,0,194,-0.84,-2.14,-84,-162.96,-162.96,-2.14,1.04,-0.84
219,CRBP,Long,52.52,7/11/2024 10:21,7/19/2024 9:33,Closed,0,53.35,143,0,0,0,143,0.83,1.58,83,118.69,118.69,1.58,8.66,0
220,MOD,Long,109,7/11/2024 10:32,7/18/2024 9:32,Closed,0,108,70,0,0,0,70,-1,-0.92,-100,-70,-70,-0.92,8.04,-2.62
221,NRIX,Long,21.97,7/11/2024 10:32,7/19/2024 9:32,Closed,0,21.37,347,0,0,0,347,-0.6,-2.73,-60,-208.2,-208.2,-2.73,2.41,-1.15
222,BCRX,Long,6.85,7/11/2024 10:39,7/31/2024 9:32,Closed,0,7.57,1119,0,0,0,1119,0.6,8.76,60,805.8,805.8,10.51,1.07,-0.04
223,DAKT,Long,13.96,7/11/2024 10:58,7/30/2024 9:33,Closed,0,14.7,548,0,0,0,548,0.74,5.3,74,405.52,405.52,5.3,1.68,-0.22
224,AOSL,Long,39.33,7/11/2024 15:34,7/25/2024 9:32,Closed,0,44.05,194,0,0,0,194,4.01,10.2,401,915.68,915.68,12,8.12,-0.18
225,ASTS,Long,12.53,7/12/2024 10:41,7/19/2024 9:32,Closed,0,12.3,622,0,0,0,622,-0.23,-1.84,-23,-143.06,-143.06,-1.84,1.5,-0.29
226,CDNA,Long,16.6,7/16/2024 9:34,8/29/2024 9:32,Closed,0,25.06,489,0,0,0,489,13.82,83.25,1382,4137.42,4137.42,50.97,18.24,-0.05
227,ARLO,Long,17.44,7/16/2024 9:36,7/16/2024 13:25,Closed,0,16.87,465,0,0,0,465,-0.57,-3.27,-57,-265.05,-265.05,-3.27,0.2,-0.57
228,RGS,Long,22.67,7/18/2024 9:59,7/31/2024 9:32,Closed,0,26.81,350,0,0,0,350,2.6,11.47,260,1449,1449,18.26,12.83,-1.05
229,KOSS,Long,11.19,7/19/2024 11:52,7/19/2024 12:42,Closed,0,9.58,689,0,0,0,689,-1.61,-14.39,-161,-1109.29,-1109.29,-14.39,0.65,-1.61
230,JMIA,Long,13.37,7/22/2024 11:15,7/24/2024 9:59,Closed,0,12.52,579,0,0,0,579,-0.85,-6.36,-85,-492.15,-492.15,-6.36,1.67,-0.85
231,EBS,Long,12.28,7/23/2024 11:20,7/31/2024 9:32,Closed,0,12.11,637,0,0,0,637,-0.17,-1.38,-17,-108.29,-108.29,-1.38,2.82,-0.76
232,APEI,Long,19.82,7/24/2024 10:50,7/25/2024 14:44,Closed,0,19.23,395,0,0,0,395,-0.59,-2.98,-59,-233.05,-233.05,-2.98,1.14,-0.59
233,ASTS,Long,14.5,7/25/2024 9:53,8/13/2024 9:32,Closed,0,19.04,542,0,0,0,542,5.43,37.45,543,2460.68,2460.68,31.31,8.54,-0.09
234,CDMO,Long,9.91,7/25/2024 12:17,8/8/2024 9:32,Closed,0,10.42,801,0,0,0,801,0.51,5.15,51,408.51,408.51,5.15,0.97,-0.2
235,NVAX,Long,16.68,7/25/2024 12:22,7/30/2024 9:31,Closed,0,14.36,476,0,0,0,476,-2.32,-13.91,-232,-1104.32,-1104.32,-13.91,1.13,-2.32
236,HUMA,Long,8.62,7/26/2024 9:39,7/26/2024 10:51,Closed,0,8.3,934,0,0,0,934,-0.32,-3.71,-32,-298.88,-298.88,-3.71,0.38,-0.32
237,HUMA,Long,8.59,7/31/2024 9:49,8/2/2024 9:31,Closed,0,8.12,906,0,0,0,906,-0.47,-5.47,-47,-425.82,-425.82,-5.47,1.2,-0.47
238,KYMR,Long,45.34,7/31/2024 12:54,8/2/2024 9:31,Closed,0,41.53,172,0,0,0,172,-3.81,-8.4,-381,-655.32,-655.32,-8.4,2.52,-3.81
239,ZETA,Long,24.47,8/1/2024 9:35,8/1/2024 12:49,Closed,0,23.23,322,0,0,0,322,-1.24,-5.07,-124,-399.28,-399.28,-5.07,0.54,-1.24
240,ZETA,Long,23.55,8/1/2024 12:54,8/2/2024 9:31,Closed,0,22.33,334,0,0,0,334,-1.22,-5.18,-122,-407.48,-407.48,-5.18,0.65,-1.22
241,CDMO,Long,10.95,8/9/2024 11:06,8/14/2024 12:23,Closed,0,10.36,716,0,0,0,716,-0.59,-5.39,-59,-422.44,-422.44,-5.39,0,-0.59
242,CVNA,Long,141.33,8/13/2024 9:40,8/29/2024 9:32,Closed,0,156,55,0,0,0,55,14.67,10.38,1467,806.85,806.85,10.38,18.52,-1.67
243,OMCL,Long,41.41,8/13/2024 10:57,9/4/2024 9:40,Closed,0,43.97,189,0,0,0,189,2.56,6.18,256,483.84,483.84,6.18,4.43,-0.19
244,RKT,Long,18.55,8/13/2024 10:59,8/29/2024 9:32,Closed,0,19.86,421,0,0,0,421,1.31,7.06,131,551.51,551.51,7.06,2.73,-0.33
245,ASTS,Long,22.85,8/15/2024 9:36,8/28/2024 9:32,Closed,0,30.42,342,0,0,0,342,7.31,31.99,731,2590.65,2590.65,33.15,16.23,-0.11
246,REAX,Long,6.07,8/15/2024 9:57,8/23/2024 9:32,Closed,0,6.13,1289,0,0,0,1289,0.06,0.99,6,77.34,77.34,0.99,0.57,-0.1
247,RVLV,Long,23.88,8/15/2024 11:04,8/28/2024 9:32,Closed,0,23.16,332,0,0,0,332,-0.72,-3.02,-72,-239.04,-239.04,-3.02,0.76,-0.91
248,PTGX,Long,41.35,8/16/2024 12:03,9/4/2024 9:32,Closed,0,41.11,193,0,0,0,193,-0.24,-0.58,-24,-46.32,-46.32,-0.58,2.41,-0.68
249,TGTX,Long,21.94,8/16/2024 12:19,8/28/2024 9:32,Closed,0,23.1,366,0,0,0,366,1.16,5.29,116,424.56,424.56,5.29,3.44,-0.25
250,WIX,Long,164.92,8/16/2024 15:21,8/27/2024 9:31,Closed,0,161.63,49,0,0,0,49,-3.29,-1.99,-329,-161.21,-161.21,-1.99,10.83,-3.29
251,OCUL,Long,8.46,8/19/2024 9:57,8/30/2024 9:32,Closed,0,8.69,966,0,0,0,966,0.23,2.72,23,222.18,222.18,2.72,0.93,-0.21
252,CYH,Long,5.13,8/19/2024 10:13,8/20/2024 10:29,Closed,0,4.91,1599,0,0,0,1599,-0.22,-4.29,-22,-351.78,-351.78,-4.29,0,-0.22
253,NRIX,Long,22.8,8/19/2024 11:54,9/6/2024 9:32,Closed,0,24.49,360,0,0,0,360,1.69,7.41,169,608.4,608.4,7.41,3.32,-0.24
254,AGIO,Long,45.92,8/21/2024 11:29,8/28/2024 11:33,Closed,0,44.97,178,0,0,0,178,-0.95,-2.07,-95,-169.1,-169.1,-2.07,3.44,-0.95
255,TBBK,Long,50.95,8/22/2024 9:41,9/5/2024 9:33,Closed,0,49.8,161,0,0,0,161,-1.15,-2.26,-115,-185.15,-185.15,-2.26,1.99,-1.75
256,YOU,Long,28.56,8/22/2024 10:25,9/6/2024 9:32,Closed,0,29.15,286,0,0,0,286,0.59,2.07,59,168.74,168.74,2.07,1.89,-0.7
257,LUMN,Long,6.57,8/23/2024 9:42,8/26/2024 9:40,Closed,0,6.07,1245,0,0,0,1245,-0.5,-7.61,-50,-622.5,-622.5,-7.61,0.17,-0.5
258,LTH,Long,24.38,8/23/2024 10:03,8/29/2024 9:32,Closed,0,23.98,335,0,0,0,335,-0.4,-1.64,-40,-134,-134,-1.64,0.87,-0.59
259,CYH,Long,5.07,8/23/2024 10:13,9/11/2024 9:32,Closed,0,5.54,1621,0,0,0,1621,0.27,5.33,27,761.67,761.67,9.27,0.74,-0.06
260,KNSA,Long,26.7,8/23/2024 10:17,8/29/2024 9:35,Closed,0,26.4,307,0,0,0,307,-0.3,-1.12,-30,-92.1,-92.1,-1.12,1.22,-0.39
261,MIRM,Long,42.26,8/26/2024 10:17,8/29/2024 9:37,Closed,0,41.12,195,0,0,0,195,-1.14,-2.7,-114,-222.3,-222.3,-2.7,2.97,-1.14
262,CHWY,Long,28.1,8/28/2024 9:40,9/5/2024 9:32,Closed,0,27.21,290,0,0,0,290,-0.89,-3.17,-89,-258.1,-258.1,-3.17,2.52,-1.48
263,ANAB,Long,38.34,9/3/2024 9:51,9/3/2024 11:48,Closed,0,37.21,212,0,0,0,212,-1.13,-2.95,-113,-239.56,-239.56,-2.95,0.61,-1.13
264,BVS,Long,10.09,9/9/2024 10:08,9/27/2024 9:32,Closed,0,11.55,798,0,0,0,798,1.56,15.46,156,1165.08,1165.08,14.47,1.94,-0.11
265,APP,Long,92.82,9/11/2024 12:07,10/18/2024 9:32,Closed,0,124.11,86,0,0,0,86,50.18,54.06,5018,2690.94,2690.94,33.71,55.66,-0.17
266,CSTL,Long,30.3,9/11/2024 13:49,9/24/2024 9:41,Closed,0,30,265,0,0,0,265,-0.3,-0.99,-30,-79.5,-79.5,-0.99,2.23,-0.8
267,BMA,Long,65.03,9/11/2024 13:50,9/25/2024 9:33,Closed,0,72.49,124,0,0,0,124,4.18,6.43,418,925.04,925.04,11.47,11.05,-1.62
268,ONON,Long,46.3,9/11/2024 15:42,10/1/2024 9:32,Closed,0,49.71,174,0,0,0,174,3.41,7.37,341,593.34,593.34,7.37,5.86,-0.18
269,NEON,Long,8.48,9/12/2024 9:39,9/27/2024 9:32,Closed,0,10.54,956,0,0,0,956,1.52,17.92,152,1974.14,1974.14,24.35,6.52,-0.85
270,ANAB,Long,37.56,9/12/2024 14:10,9/19/2024 9:32,Closed,0,37.7,216,0,0,0,216,0.14,0.37,14,30.24,30.24,0.37,3.14,-1.06
271,SATS,Long,23.14,9/13/2024 11:27,10/1/2024 9:32,Closed,0,25.72,354,0,0,0,354,1.07,4.62,107,911.55,911.55,11.13,6.94,-0.71
272,TVTX,Long,13.2,9/13/2024 14:36,9/30/2024 9:32,Closed,0,14.04,620,0,0,0,620,0.84,6.36,84,520.8,520.8,6.36,2.16,-0.05
273,KYMR,Long,47.73,9/16/2024 10:03,9/18/2024 12:05,Closed,0,46,174,0,0,0,174,-1.73,-3.62,-173,-301.02,-301.02,-3.62,1.47,-1.73
274,TGTX,Long,24.48,9/16/2024 11:44,9/23/2024 12:32,Closed,0,23.46,340,0,0,0,340,-1.02,-4.17,-102,-346.8,-346.8,-4.17,1.93,-1.02
275,NOVA,Long,11.84,9/16/2024 13:00,9/20/2024 14:31,Closed,0,10.92,707,0,0,0,707,-0.92,-7.77,-92,-650.44,-650.44,-7.77,1.16,-0.92
276,CRGX,Long,23.35,9/17/2024 10:10,9/23/2024 9:51,Closed,0,22.52,362,0,0,0,362,-0.83,-3.55,-83,-300.46,-300.46,-3.55,2.1,-0.83
277,SAVA,Long,30.18,9/17/2024 14:00,9/23/2024 10:08,Closed,0,28.31,282,0,0,0,282,-1.87,-6.2,-187,-527.34,-527.34,-6.2,2.42,-1.87
278,SMTC,Long,42.66,9/17/2024 15:54,10/1/2024 9:33,Closed,0,47.22,199,0,0,0,199,2.55,5.98,255,906.45,906.45,10.68,6.87,-0.48
279,SPRY,Long,13.54,9/18/2024 9:47,10/4/2024 9:32,Closed,0,14.17,637,0,0,0,637,0.63,4.65,63,401.31,401.31,4.65,1.68,-0.24
280,HRTG,Long,16.05,9/18/2024 11:02,9/23/2024 10:14,Closed,0,15.24,536,0,0,0,536,-0.81,-5.05,-81,-434.16,-434.16,-5.05,0.81,-0.81
281,APLD,Long,6.5,9/18/2024 12:47,9/19/2024 12:42,Closed,0,5.74,1311,0,0,0,1311,-0.76,-11.69,-76,-996.36,-996.36,-11.69,0.2,-0.76
282,IOT,Long,47.96,9/18/2024 14:26,9/30/2024 9:32,Closed,0,47.73,180,0,0,0,180,-0.23,-0.48,-23,-41.4,-41.4,-0.48,2.11,-1.18
283,HROW,Long,46.15,9/18/2024 14:34,9/26/2024 9:32,Closed,0,44.67,188,0,0,0,188,-1.48,-3.21,-148,-278.24,-278.24,-3.21,1.4,-2.82
284,PSNL,Long,6.13,9/19/2024 10:02,9/20/2024 11:17,Closed,0,5.62,1400,0,0,0,1400,-0.51,-8.32,-51,-714,-714,-8.32,0.08,-0.51
285,KYMR,Long,49.24,9/19/2024 10:39,9/30/2024 9:34,Closed,0,48.13,174,0,0,0,174,-1.11,-2.25,-111,-193.14,-193.14,-2.25,4.03,-1.2
286,AUR,Long,5.16,9/19/2024 13:43,10/2/2024 9:32,Closed,0,5.91,1659,0,0,0,1659,0.31,6.01,31,1236.39,1236.39,14.44,1.63,-0.33
287,GDS,Long,18.83,9/19/2024 13:44,10/9/2024 9:32,Closed,0,20.96,454,0,0,0,454,1.1,5.84,110,967.02,967.02,11.31,4.98,-0.01
288,RKLB,Long,7.56,9/20/2024 9:51,10/10/2024 9:32,Closed,0,9.19,1122,0,0,0,1122,1.87,24.74,187,1828.86,1828.86,21.56,2.73,-0.28
289,AAOI,Long,15.15,9/24/2024 9:39,9/27/2024 11:01,Closed,0,14.3,558,0,0,0,558,-0.85,-5.61,-85,-474.3,-474.3,-5.61,1.84,-0.85
290,APLT,Long,8.44,9/25/2024 9:41,9/25/2024 11:38,Closed,0,8.09,1017,0,0,0,1017,-0.35,-4.15,-35,-355.95,-355.95,-4.15,0.18,-0.35
291,UPST,Long,40.85,9/25/2024 10:22,9/26/2024 11:01,Closed,0,38.61,210,0,0,0,210,-2.24,-5.48,-224,-470.4,-470.4,-5.48,0.85,-2.24
292,APLT,Long,8.42,9/25/2024 13:56,10/3/2024 10:45,Closed,0,8.02,1021,0,0,0,1021,-0.4,-4.75,-40,-408.4,-408.4,-4.75,0.48,-0.4
293,POWL,Long,225.68,9/30/2024 9:54,10/1/2024 10:18,Closed,0,215.44,37,0,0,0,37,-10.24,-4.54,-1024,-378.88,-378.88,-4.54,0.32,-10.24
294,VST,Long,122.14,10/1/2024 14:07,10/10/2024 9:32,Closed,0,133.17,69,0,0,0,69,2.05,1.68,205,761.27,761.27,9.03,21.72,-2.45
295,CDNA,Long,32.12,10/2/2024 10:07,10/2/2024 13:31,Closed,0,30.31,262,0,0,0,262,-1.81,-5.64,-181,-474.22,-474.22,-5.64,0.85,-1.81
296,HROW,Long,48.55,10/3/2024 9:35,10/25/2024 9:32,Closed,0,54.85,174,0,0,0,174,5.43,11.18,543,1096.2,1096.2,12.98,10.68,-0.81
297,CEG,Long,272.98,10/3/2024 9:37,10/9/2024 9:59,Closed,0,268,30,0,0,0,30,-4.98,-1.82,-498,-149.4,-149.4,-1.82,15.77,-4.98
298,BNTX,Long,121.82,10/4/2024 9:34,10/4/2024 9:58,Closed,0,119.7,69,0,0,0,69,-2.12,-1.74,-212,-146.28,-146.28,-1.74,2.32,-2.12
299,BYRN,Long,18.01,10/4/2024 9:34,10/4/2024 9:35,Closed,0,17.72,463,0,0,0,463,-0.29,-1.61,-29,-134.27,-134.27,-1.61,0,-0.29
300,BYRN,Long,18.09,10/4/2024 9:40,10/7/2024 9:56,Closed,0,17.58,464,0,0,0,464,-0.51,-2.82,-51,-236.64,-236.64,-2.82,1.33,-0.51
301,BNTX,Long,121.69,10/4/2024 10:15,10/9/2024 9:31,Closed,0,119.28,69,0,0,0,69,-2.41,-1.98,-241,-166.29,-166.29,-1.98,2.31,-2.41
302,EWTX,Long,28.07,10/4/2024 10:16,10/29/2024 9:32,Closed,0,33.37,301,0,0,0,301,5.79,20.63,579,1594.29,1594.29,18.87,8.59,-1.27
303,MSTR,Long,176.25,10/4/2024 15:59,11/4/2024 9:32,Closed,0,216.21,48,0,0,0,48,49.55,28.11,4955,1918.08,1918.08,22.67,91.64,-0.05
304,UPST,Long,42.53,10/8/2024 11:02,10/24/2024 9:32,Closed,0,51.24,200,0,0,0,200,9.17,21.56,917,1743,1743,20.49,14.87,-0.82
305,TVTX,Long,16.43,10/9/2024 9:34,10/28/2024 9:32,Closed,0,17.82,519,0,0,0,519,1.39,8.46,139,721.41,721.41,8.46,2.82,-0.91
306,COMM,Long,6.52,10/11/2024 9:40,10/11/2024 11:27,Closed,0,6.03,1305,0,0,0,1305,-0.49,-7.52,-49,-639.45,-639.45,-7.52,0,-0.49
307,PCT,Long,9.73,10/15/2024 12:40,11/4/2024 9:32,Closed,0,12.05,890,0,0,0,890,2.92,30.01,292,2064.8,2064.8,23.84,5.85,-0.22
308,AUR,Long,6,10/15/2024 13:09,10/31/2024 9:31,Closed,0,5.68,1437,0,0,0,1437,-0.32,-5.33,-32,-459.84,-459.84,-5.33,1,-0.32
309,RKLB,Long,10.38,10/16/2024 9:42,10/31/2024 9:32,Closed,0,10.85,832,0,0,0,832,0.47,4.53,47,391.04,391.04,4.53,1.7,-0.33
310,UNFI,Long,21.25,10/16/2024 14:10,10/21/2024 14:59,Closed,0,20.52,410,0,0,0,410,-0.73,-3.44,-73,-299.3,-299.3,-3.44,1.28,-0.73
311,UXIN,Long,6.59,10/18/2024 9:54,10/18/2024 12:04,Closed,0,6.02,1326,0,0,0,1326,-0.57,-8.65,-57,-755.82,-755.82,-8.65,0.27,-0.57
312,BHVN,Long,54.12,10/21/2024 9:54,10/21/2024 11:10,Closed,0,52.24,161,0,0,0,161,-1.88,-3.47,-188,-302.68,-302.68,-3.47,0.24,-1.88
313,EBS,Long,9.68,10/21/2024 11:06,10/23/2024 9:31,Closed,0,9.03,897,0,0,0,897,-0.65,-6.71,-65,-583.05,-583.05,-6.71,0.97,-0.65
314,BHVN,Long,54.5,10/24/2024 9:36,10/24/2024 10:32,Closed,0,53.04,160,0,0,0,160,-1.46,-2.68,-146,-233.6,-233.6,-2.68,0.25,-1.46
315,ASTS,Long,29.84,10/24/2024 10:03,10/24/2024 11:04,Closed,0,27.21,294,0,0,0,294,-2.63,-8.81,-263,-773.22,-773.22,-8.81,0.71,-2.63
316,GGAL,Long,51.09,10/24/2024 10:12,11/4/2024 9:32,Closed,0,51.7,172,0,0,0,172,0.61,1.19,61,104.92,104.92,1.19,4.52,-0.59
317,WULF,Long,7.02,10/28/2024 9:35,10/29/2024 10:10,Closed,0,6.69,1256,0,0,0,1256,-0.33,-4.7,-33,-414.48,-414.48,-4.7,0.26,-0.33
318,SMR,Long,19.79,10/28/2024 9:42,11/1/2024 9:32,Closed,0,19.75,445,0,0,0,445,-0.04,-0.2,-4,-17.8,-17.8,-0.2,2.96,-0.86
319,CRDO,Long,40.38,10/28/2024 15:33,10/31/2024 9:32,Closed,0,38.91,220,0,0,0,220,-1.47,-3.64,-147,-323.4,-323.4,-3.64,1.54,-1.47
320,SMTC,Long,46.8,10/29/2024 12:06,10/31/2024 10:01,Closed,0,44.51,190,0,0,0,190,-2.29,-4.89,-229,-435.1,-435.1,-4.89,1.35,-2.29
321,CAPR,Long,22.82,10/30/2024 10:26,10/30/2024 12:02,Closed,0,21.5,388,0,0,0,388,-1.32,-5.78,-132,-512.16,-512.16,-5.78,0.05,-1.32
322,TRUP,Long,56.45,10/31/2024 9:34,11/4/2024 15:06,Closed,0,51.5,152,0,0,0,152,-4.95,-8.77,-495,-752.4,-752.4,-8.77,1.45,-4.95
323,VSCO,Long,29.96,10/31/2024 11:09,11/22/2024 9:32,Closed,0,34.91,286,0,0,0,286,6.12,20.43,612,1415.7,1415.7,16.52,7.76,-0.16
324,POWL,Long,267.5,11/1/2024 9:41,11/15/2024 9:32,Closed,0,309.42,32,0,0,0,32,30.61,11.44,3061,1341.28,1341.28,15.67,97.48,-1.28
325,CLS,Long,70.86,11/1/2024 12:09,11/29/2024 9:32,Closed,0,81.51,121,0,0,0,121,13.16,18.57,1316,1288.76,1288.76,15.03,22.29,-0.76
326,XPEV,Long,12.53,11/4/2024 9:35,11/4/2024 10:05,Closed,0,12.14,685,0,0,0,685,-0.39,-3.11,-39,-267.15,-267.15,-3.11,0.05,-0.39
327,DRUG,Long,53.53,11/4/2024 10:50,11/8/2024 9:32,Closed,0,48.73,157,0,0,0,157,-4.8,-8.97,-480,-753.6,-753.6,-8.97,4.47,-6.33
328,ALGT,Long,65.98,11/4/2024 15:26,11/20/2024 9:32,Closed,0,73.35,129,0,0,0,129,4.28,6.49,428,950.84,950.84,11.17,12.21,-0.55
329,CRDO,Long,42.58,11/5/2024 9:34,11/15/2024 9:32,Closed,0,44.74,201,0,0,0,201,-1.58,-3.71,-158,434.42,434.42,5.08,6.36,-1.94
330,RKLB,Long,11.7,11/5/2024 9:37,12/4/2024 9:32,Closed,0,18.1,733,0,0,0,733,10.85,92.74,1085,4688.33,4688.33,54.67,16.4,-0.24
331,INOD,Long,21.95,11/5/2024 9:44,11/27/2024 9:32,Closed,0,34.75,390,0,0,0,390,17.55,79.95,1755,4992,4992,58.31,27.77,-0.49
332,SOFI,Long,11.36,11/5/2024 9:50,12/6/2024 9:32,Closed,0,14.66,756,0,0,0,756,4.36,38.38,436,2498.58,2498.58,29.09,5.25,-0.06
333,AFRM,Long,45.27,11/5/2024 9:51,11/8/2024 11:28,Closed,0,43.33,189,0,0,0,189,-1.94,-4.29,-194,-366.66,-366.66,-4.29,6.33,-1.94
334,HUT,Long,19.64,11/6/2024 9:35,11/6/2024 9:57,Closed,0,18.71,451,0,0,0,451,-0.93,-4.74,-93,-419.43,-419.43,-4.74,0.13,-0.93
335,MIR,Long,15.74,11/6/2024 9:37,11/6/2024 9:42,Closed,0,15.49,564,0,0,0,564,-0.25,-1.59,-25,-141,-141,-1.59,0.01,-0.25
336,WULF,Long,7.32,11/6/2024 9:39,11/6/2024 9:55,Closed,0,6.97,1215,0,0,0,1215,-0.35,-4.78,-35,-425.25,-425.25,-4.78,0.06,-0.35
337,HUT,Long,19.62,11/6/2024 10:15,11/6/2024 12:39,Closed,0,18.61,448,0,0,0,448,-1.01,-5.15,-101,-452.48,-452.48,-5.15,0.2,-1.01
338,WULF,Long,7.28,11/6/2024 10:43,11/14/2024 9:32,Closed,0,8.4,1211,0,0,0,1211,0.22,3.02,22,1357.22,1357.22,15.39,2.02,-0.12
339,BBAR,Long,14.58,11/6/2024 11:03,11/26/2024 9:32,Closed,0,16.72,606,0,0,0,606,1.88,12.89,188,1296.84,1296.84,14.68,3.66,-0.27
340,SUPV,Long,9.48,11/6/2024 11:58,12/31/2024 9:32,Closed,0,13.05,933,0,0,0,933,5.65,59.6,565,3332.89,3332.89,37.68,6.79,-0.08
341,SMR,Long,20.48,11/6/2024 12:15,11/27/2024 9:32,Closed,0,26.82,433,0,0,0,433,6.74,32.91,674,2745.62,2745.62,30.96,11.49,-0.42
342,UPST,Long,54.14,11/6/2024 15:23,12/3/2024 9:32,Closed,0,66.75,165,0,0,0,165,14.08,26.01,1408,2081.3,2081.3,23.3,31.93,-0.73
343,LUNR,Long,8.58,11/7/2024 9:34,12/4/2024 9:32,Closed,0,10.93,1048,0,0,0,1048,2.94,34.27,294,2468.04,2468.04,27.45,8.56,-0.19
344,XPEV,Long,13.63,11/7/2024 9:39,11/13/2024 11:24,Closed,0,13.29,657,0,0,0,657,-0.34,-2.49,-34,-223.38,-223.38,-2.49,2.05,-0.34
345,GDS,Long,22.96,11/7/2024 9:40,11/15/2024 9:32,Closed,0,22.4,392,0,0,0,392,-0.56,-2.44,-56,-219.52,-219.52,-2.44,1.78,-0.86
346,ADMA,Long,21.02,11/8/2024 9:34,11/15/2024 9:32,Closed,0,20.24,440,0,0,0,440,-0.78,-3.71,-78,-343.2,-343.2,-3.71,2.62,-0.84
347,PRCT,Long,102.61,11/11/2024 9:34,11/11/2024 9:55,Closed,0,100.5,95,0,0,0,95,-2.11,-2.06,-211,-200.45,-200.45,-2.06,1.2,-2.11
348,AFRM,Long,51.91,11/11/2024 10:15,12/6/2024 9:32,Closed,0,65.06,186,0,0,0,186,16.61,32,1661,2446.83,2446.83,25.34,20.91,-0.26
349,RELY,Long,20.1,11/13/2024 9:45,11/18/2024 9:42,Closed,0,19.51,492,0,0,0,492,-0.59,-2.94,-59,-290.28,-290.28,-2.94,0.7,-0.59
350,MNMD,Long,9.85,11/15/2024 9:34,11/15/2024 9:42,Closed,0,8.99,971,0,0,0,971,-0.86,-8.73,-86,-835.06,-835.06,-8.73,0,-0.86
351,RDW,Long,10.86,11/18/2024 9:38,11/18/2024 9:55,Closed,0,10.56,895,0,0,0,895,-0.3,-2.76,-30,-268.5,-268.5,-2.76,0.04,-0.3
352,RDW,Long,10.9,11/18/2024 10:24,12/10/2024 9:32,Closed,0,12.92,895,0,0,0,895,1.31,12.02,131,1808.61,1808.61,18.54,4.35,-0.39
353,LMND,Long,35.53,11/19/2024 9:34,12/3/2024 9:32,Closed,0,44.94,273,0,0,0,273,9.89,27.84,989,2568.05,2568.05,26.48,18.32,-0.01
354,BYRN,Long,19.96,11/19/2024 9:39,11/20/2024 9:38,Closed,0,19.2,488,0,0,0,488,-0.76,-3.81,-76,-370.88,-370.88,-3.81,1.66,-0.76
355,RDDT,Long,135.15,11/19/2024 12:45,11/27/2024 9:32,Closed,0,138.03,73,0,0,0,73,2.88,2.13,288,210.24,210.24,2.13,23.34,-5.14
356,AAOI,Long,30.89,11/20/2024 9:34,12/6/2024 9:32,Closed,0,39.41,324,0,0,0,324,6.5,21.04,650,2760.48,2760.48,27.58,13.61,-0.09
357,XMTR,Long,30.88,11/21/2024 11:22,12/6/2024 9:32,Closed,0,32.07,330,0,0,0,330,1.19,3.85,119,392.7,392.7,3.85,2.24,-0.38
358,WWW,Long,22.89,11/21/2024 12:08,12/6/2024 9:32,Closed,0,23.09,449,0,0,0,449,0.2,0.87,20,89.8,89.8,0.87,1.27,-0.22
359,CXW,Long,22.66,11/22/2024 9:34,11/22/2024 14:27,Closed,0,21.99,453,0,0,0,453,-0.67,-2.96,-67,-303.51,-303.51,-2.96,0.43,-0.67
360,TSL,Long,15.23,11/22/2024 10:41,11/26/2024 14:19,Closed,0,14.63,678,0,0,0,678,-0.6,-3.94,-60,-406.8,-406.8,-3.94,0.66,-0.6
361,DAVE,Long,87.72,11/22/2024 11:27,12/4/2024 9:48,Closed,0,83,119,0,0,0,119,-4.72,-5.38,-472,-561.68,-561.68,-5.38,16,-4.72
362,PLTR,Long,63.49,11/22/2024 11:39,12/19/2024 9:32,Closed,0,74.41,164,0,0,0,164,11.06,17.42,1106,1791.7,1791.7,17.21,17.42,-0.12
363,ALGS,Long,20.74,11/25/2024 9:38,11/25/2024 9:52,Closed,0,20.3,513,0,0,0,513,-0.44,-2.12,-44,-225.72,-225.72,-2.12,0.49,-0.44
364,ALGS,Long,20.36,11/25/2024 10:00,11/25/2024 10:03,Closed,0,20.04,513,0,0,0,513,-0.32,-1.57,-32,-164.16,-164.16,-1.57,0.02,-0.32
365,ALGS,Long,20.67,11/25/2024 10:29,11/26/2024 9:41,Closed,0,19.5,512,0,0,0,512,-1.17,-5.66,-117,-599.04,-599.04,-5.66,1.21,-1.17
366,NPWR,Long,13.7,11/26/2024 9:34,11/26/2024 9:37,Closed,0,13.2,757,0,0,0,757,-0.5,-3.65,-50,-378.5,-378.5,-3.65,0,-0.5
367,MDXG,Long,9.48,11/27/2024 9:43,11/29/2024 9:32,Closed,0,9.25,1092,0,0,0,1092,-0.23,-2.43,-23,-251.16,-251.16,-2.43,0.16,-0.23
368,HUT,Long,26.48,11/27/2024 10:11,12/4/2024 9:32,Closed,0,25.26,393,0,0,0,393,-1.22,-4.61,-122,-479.46,-479.46,-4.61,3.69,-1.77
369,BTDR,Long,13.46,11/29/2024 9:34,12/19/2024 9:32,Closed,0,19.54,778,0,0,0,778,6.62,49.18,662,4730.24,4730.24,45.17,12.05,-0.33
370,MARA,Long,28.01,11/29/2024 9:36,11/29/2024 12:56,Closed,0,27.21,374,0,0,0,374,-0.8,-2.86,-80,-299.2,-299.2,-2.86,2.27,-0.8
371,CXW,Long,23.05,11/29/2024 9:49,11/29/2024 10:10,Closed,0,22.64,458,0,0,0,458,-0.41,-1.78,-41,-187.78,-187.78,-1.78,0.27,-0.41
372,ML,Long,90.14,11/29/2024 10:02,12/2/2024 9:50,Closed,0,86.6,118,0,0,0,118,-3.54,-3.93,-354,-417.72,-417.72,-3.93,1.71,-3.54
373,SOUN,Long,8.48,11/29/2024 10:08,1/2/2025 9:32,Closed,0,15.7,1264,0,0,0,1264,11.7,137.97,1170,9126.08,9126.08,85.14,16.5,-0.07
374,TSLA,Long,357.54,12/2/2024 9:34,12/2/2024 11:13,Closed,0,352,29,0,0,0,29,-5.54,-1.55,-554,-160.66,-160.66,-1.55,1.24,-5.54
375,ARQQ,Long,23.63,12/2/2024 9:34,12/2/2024 14:43,Closed,0,22.11,452,0,0,0,452,-1.52,-6.43,-152,-687.04,-687.04,-6.43,8.87,-1.52
376,OUST,Long,10.3,12/2/2024 10:49,12/3/2024 9:31,Closed,0,9.47,1027,0,0,0,1027,-0.83,-8.06,-83,-852.41,-852.41,-8.06,0.06,-0.83
377,TSLA,Long,357.68,12/2/2024 12:37,12/3/2024 9:31,Closed,0,351.15,28,0,0,0,28,-6.53,-1.83,-653,-182.84,-182.84,-1.83,2.32,-6.53
378,LITE,Long,89.74,12/3/2024 12:41,12/10/2024 15:32,Closed,0,86.24,114,0,0,0,114,-3.5,-3.9,-350,-399,-399,-3.9,6.18,-3.5
379,HSAI,Long,9.62,12/4/2024 9:34,12/17/2024 9:32,Closed,0,10.23,1060,0,0,0,1060,0.61,6.34,61,646.6,646.6,6.34,2.24,-0.67
380,COIN,Long,317.61,12/4/2024 9:36,12/10/2024 9:32,Closed,0,317.24,32,0,0,0,32,-0.37,-0.12,-37,-11.84,-11.84,-0.12,32.14,-7.93
381,AI,Long,38.24,12/4/2024 9:48,12/10/2024 9:31,Closed,0,37.11,269,0,0,0,269,-1.13,-2.96,-113,-303.97,-303.97,-2.96,4.7,-1.13
382,DXYZ,Long,45.47,12/4/2024 9:54,12/19/2024 9:32,Closed,0,64.69,226,0,0,0,226,20,43.99,2000,4344.85,4344.85,42.28,31.88,-1.31
383,MARA,Long,27.53,12/5/2024 9:35,12/5/2024 9:54,Closed,0,26.8,381,0,0,0,381,-0.73,-2.65,-73,-278.13,-278.13,-2.65,0.54,-0.73
384,AMSC,Long,37,12/5/2024 9:38,12/5/2024 10:34,Closed,0,35.35,287,0,0,0,287,-1.65,-4.46,-165,-473.55,-473.55,-4.46,0.9,-1.65
385,HNST,Long,8.56,12/5/2024 9:45,12/5/2024 10:37,Closed,0,8.13,1241,0,0,0,1241,-0.43,-5.02,-43,-533.63,-533.63,-5.02,0.02,-0.43
386,BTCT,Long,18.52,12/5/2024 9:48,12/5/2024 10:00,Closed,0,17.36,570,0,0,0,570,-1.16,-6.26,-116,-661.2,-661.2,-6.26,0.09,-1.16
387,API,Long,5.96,12/5/2024 9:53,12/10/2024 9:37,Closed,0,5.5,1772,0,0,0,1772,-0.46,-7.72,-46,-815.12,-815.12,-7.72,0.68,-0.46
388,MARA,Long,27.48,12/5/2024 10:05,12/5/2024 10:24,Closed,0,26.62,382,0,0,0,382,-0.86,-3.13,-86,-328.52,-328.52,-3.13,0.24,-0.86
389,APLD,Long,10.73,12/6/2024 9:35,12/9/2024 10:20,Closed,0,10.18,986,0,0,0,986,-0.55,-5.13,-55,-542.3,-542.3,-5.13,0.52,-0.55
390,CRNC,Long,8.06,12/6/2024 9:49,12/11/2024 12:01,Closed,0,7.56,1313,0,0,0,1313,-0.5,-6.2,-50,-656.5,-656.5,-6.2,1.27,-0.5
391,ARQQ,Long,25.48,12/9/2024 9:34,12/9/2024 9:39,Closed,0,24.4,433,0,0,0,433,-1.08,-4.24,-108,-467.64,-467.64,-4.24,0,-1.08
392,INOD,Long,49.93,12/9/2024 9:34,12/9/2024 11:11,Closed,0,45.83,221,0,0,0,221,-4.1,-8.21,-410,-906.1,-906.1,-8.21,5.24,-4.1
393,INOD,Long,48.55,12/9/2024 11:28,12/9/2024 15:14,Closed,0,44.59,220,0,0,0,220,-3.96,-8.16,-396,-871.2,-871.2,-8.16,1.07,-3.96
394,UPST,Long,82.39,12/12/2024 9:35,12/12/2024 14:13,Closed,0,78.5,127,0,0,0,127,-3.89,-4.72,-389,-494.03,-494.03,-4.72,2.9,-3.89
395,GRRR,Long,8.32,12/12/2024 10:28,12/12/2024 12:35,Closed,0,7.51,1264,0,0,0,1264,-0.81,-9.74,-81,-1023.84,-1023.84,-9.74,0.03,-0.81
396,UPST,Long,85.65,12/13/2024 11:53,12/18/2024 14:19,Closed,0,80.17,123,0,0,0,123,-5.48,-6.4,-548,-674.04,-674.04,-6.4,3.3,-5.48
397,COIN,Long,325.22,12/16/2024 9:41,12/16/2024 15:24,Closed,0,316.3,32,0,0,0,32,-8.92,-2.74,-892,-285.44,-285.44,-2.74,1.01,-8.92
398,QUBT,Long,7.47,12/16/2024 9:44,1/2/2025 9:32,Closed,0,14.21,1425,0,0,0,1425,9.17,122.76,917,9599.81,9599.81,90.18,19.68,-0.14
399,DAVE,Long,96.15,12/16/2024 9:51,12/18/2024 15:42,Closed,0,90.63,110,0,0,0,110,-5.52,-5.74,-552,-607.2,-607.2,-5.74,12.35,-5.52
400,QBTS,Long,5.41,12/16/2024 9:59,1/8/2025 10:48,Closed,0,6.97,1965,0,0,0,1965,-0.57,-10.54,-57,3063.27,3063.27,28.82,6,-0.57
401,AI,Long,40.69,12/16/2024 10:03,12/18/2024 15:42,Closed,0,38.91,262,0,0,0,262,-1.78,-4.37,-178,-466.36,-466.36,-4.37,3.65,-1.78
402,PTON,Long,10.14,12/16/2024 10:12,12/18/2024 15:38,Closed,0,9.43,1055,0,0,0,1055,-0.71,-7,-71,-749.05,-749.05,-7,0.76,-0.71
403,MSTR,Long,428.96,12/16/2024 10:24,12/16/2024 14:31,Closed,0,416.15,24,0,0,0,24,-12.81,-2.99,-1281,-307.44,-307.44,-2.99,8.65,-12.81
404,QMCO,Long,20.43,12/16/2024 10:24,1/7/2025 9:32,Closed,0,43.97,517,0,0,0,517,30.99,151.69,3099,12172.47,12172.47,115.24,70.21,-0.31
405,PRCH,Long,5.77,12/16/2024 12:13,12/17/2024 10:17,Closed,0,5.24,1898,0,0,0,1898,-0.53,-9.19,-53,-1005.94,-1005.94,-9.19,0.27,-0.53
406,RKLB,Long,25.1,12/16/2024 12:17,12/18/2024 15:39,Closed,0,23.35,436,0,0,0,436,-1.75,-6.97,-175,-763,-763,-6.97,1.68,-1.75
407,AFRM,Long,73.04,12/16/2024 13:34,12/17/2024 9:31,Closed,0,69.43,154,0,0,0,154,-3.61,-4.94,-361,-555.94,-555.94,-4.94,0.3,-3.61
408,HIMS,Long,32.53,12/17/2024 9:34,12/17/2024 9:43,Closed,0,31.51,353,0,0,0,353,-1.02,-3.14,-102,-360.06,-360.06,-3.14,0.61,-1.02
409,HSAI,Long,11.35,12/17/2024 9:44,12/18/2024 9:32,Closed,0,10.21,1025,0,0,0,1025,-1.14,-10.04,-114,-1168.5,-1168.5,-10.04,3.05,-1.14
410,ARQQ,Long,30.32,12/17/2024 9:47,12/17/2024 10:00,Closed,0,28.05,384,0,0,0,384,-2.27,-7.49,-227,-871.68,-871.68,-7.49,2.68,-2.27
411,HIMS,Long,32.31,12/17/2024 9:56,12/17/2024 10:16,Closed,0,31.27,353,0,0,0,353,-1.04,-3.22,-104,-367.12,-367.12,-3.22,0.51,-1.04
412,ARQQ,Long,29.78,12/17/2024 13:33,12/19/2024 13:19,Closed,0,24.5,384,0,0,0,384,-5.28,-17.73,-528,-2027.52,-2027.52,-17.73,13.12,-5.28
413,KC,Long,9.09,12/20/2024 9:42,12/26/2024 9:32,Closed,0,9.95,1230,0,0,0,1230,0.86,9.46,86,1057.8,1057.8,9.46,1.09,-0.22
414,RCAT,Long,10.02,12/20/2024 9:48,1/10/2025 9:32,Closed,0,12.95,1119,0,0,0,1119,1.38,13.77,138,3274.62,3274.62,29.21,5.25,-0.71
415,PLTR,Long,77.88,12/20/2024 11:50,12/31/2024 9:32,Closed,0,77.83,147,0,0,0,147,-0.05,-0.06,-5,-7.35,-7.35,-0.06,6.92,-1.77
416,ACHR,Long,10.1,12/23/2024 9:34,12/23/2024 9:36,Closed,0,9.6,1161,0,0,0,1161,-0.5,-4.95,-50,-580.5,-580.5,-4.95,0.04,-0.5
417,UMAC,Long,13.79,12/23/2024 9:55,1/8/2025 9:32,Closed,0,17.35,840,0,0,0,840,-0.09,-0.65,-9,2990.4,2990.4,25.82,7.86,-1.26
418,CRNC,Long,8.84,12/23/2024 10:02,12/23/2024 10:28,Closed,0,7.68,1320,0,0,0,1320,-1.16,-13.12,-116,-1531.2,-1531.2,-13.12,0,-1.16
419,SERV,Long,15.51,12/24/2024 9:36,12/24/2024 9:37,Closed,0,14.5,734,0,0,0,734,-1.01,-6.51,-101,-741.34,-741.34,-6.51,0.29,-1.01
420,OKLO,Long,22.94,12/24/2024 10:14,12/31/2024 10:57,Closed,0,21.42,499,0,0,0,499,-1.52,-6.63,-152,-758.48,-758.48,-6.63,2.05,-1.52
421,RDW,Long,14.4,12/24/2024 10:17,1/10/2025 9:33,Closed,0,17.34,793,0,0,0,793,1.78,12.36,178,2330.26,2330.26,20.41,4.14,-0.15
422,ACHR,Long,10.18,12/24/2024 10:24,1/2/2025 9:32,Closed,0,9.94,1129,0,0,0,1129,-0.24,-2.36,-24,-270.96,-270.96,-2.36,1.51,-0.61
423,SKYT,Long,14.72,12/24/2024 10:27,1/2/2025 9:32,Closed,0,14.08,783,0,0,0,783,-0.64,-4.35,-64,-501.12,-501.12,-4.35,1.57,-1.06
424,AAOI,Long,39.07,12/24/2024 11:37,12/30/2024 9:31,Closed,0,36.22,296,0,0,0,296,-2.85,-7.29,-285,-843.6,-843.6,-7.29,2.2,-2.85
425,CRNC,Long,8.94,12/26/2024 9:38,12/26/2024 9:53,Closed,0,8.38,1307,0,0,0,1307,-0.56,-6.26,-56,-731.92,-731.92,-6.26,0.05,-0.56
426,INOD,Long,44.87,12/26/2024 9:43,12/26/2024 9:54,Closed,0,42.61,264,0,0,0,264,-2.26,-5.04,-226,-596.64,-596.64,-5.04,0.33,-2.26
427,RGTI,Long,12.84,12/26/2024 9:50,1/8/2025 9:39,Closed,0,10.76,929,0,0,0,929,-2.08,-16.2,-208,-1932.32,-1932.32,-16.2,8.58,-2.08
428,ARQQ,Long,32.43,12/26/2024 10:04,1/8/2025 9:31,Closed,0,27.99,366,0,0,0,366,-4.44,-13.69,-444,-1625.04,-1625.04,-13.69,20.36,-4.44
429,REAL,Long,9.84,12/26/2024 10:24,1/3/2025 9:32,Closed,0,9.92,1225,0,0,0,1225,0.08,0.81,8,98,98,0.81,1.54,-0.56
430,MESO,Long,17.58,12/26/2024 10:26,1/8/2025 9:33,Closed,0,17.79,684,0,0,0,684,0.21,1.19,21,143.64,143.64,1.19,4.42,-0.57
431,LX,Long,6.26,12/26/2024 10:38,12/30/2024 9:32,Closed,0,5.92,1942,0,0,0,1942,-0.34,-5.43,-34,-660.28,-660.28,-5.43,0.1,-0.34
432,INOD,Long,44.5,12/26/2024 11:14,12/30/2024 9:38,Closed,0,42.1,276,0,0,0,276,-2.4,-5.39,-240,-662.4,-662.4,-5.39,2.16,-2.4
433,CRNC,Long,8.86,12/26/2024 14:24,12/27/2024 9:36,Closed,0,8.25,1431,0,0,0,1431,-0.61,-6.88,-61,-872.91,-872.91,-6.88,0.01,-0.61
434,OMER,Long,11.23,12/27/2024 12:12,12/30/2024 12:41,Closed,0,10.33,1128,0,0,0,1128,-0.9,-8.01,-90,-1015.2,-1015.2,-8.01,0.55,-0.9
435,SIDU,Long,6.43,12/31/2024 9:34,12/31/2024 9:49,Closed,0,5.8,1962,0,0,0,1962,-0.63,-9.8,-63,-1236.06,-1236.06,-9.8,0.32,-0.63
436,BBAR,Long,20.04,1/2/2025 9:55,1/21/2025 9:32,Closed,0,23.11,596,0,0,0,596,2.08,10.38,208,1829.72,1829.72,15.32,4.97,-0.03
437,BTDR,Long,23.97,1/2/2025 9:56,1/7/2025 10:05,Closed,0,21.52,499,0,0,0,499,-2.45,-10.22,-245,-1222.55,-1222.55,-10.22,3.02,-2.45
438,LUNR,Long,19.75,1/2/2025 9:58,1/10/2025 9:32,Closed,0,18.94,607,0,0,0,607,-0.81,-4.1,-81,-491.67,-491.67,-4.1,2.57,-1.88
439,WGS,Long,82.38,1/2/2025 11:56,1/14/2025 10:22,Closed,0,74.94,148,0,0,0,148,-7.44,-9.03,-744,-1101.12,-1101.12,-9.03,16.49,-7.44
440,CRNC,Long,11.66,1/3/2025 9:36,1/15/2025 9:32,Closed,0,14.52,1050,0,0,0,1050,2.1,18.01,210,2997.75,2997.75,24.49,15.84,-0.96
441,OUST,Long,13.19,1/3/2025 9:40,1/8/2025 10:40,Closed,0,12.17,935,0,0,0,935,-1.02,-7.73,-102,-953.7,-953.7,-7.73,2.68,-1.02
442,RKLB,Long,26.92,1/3/2025 9:46,1/13/2025 9:32,Closed,0,25.21,459,0,0,0,459,-1.71,-6.35,-171,-784.89,-784.89,-6.35,3.34,-1.77
443,OKLO,Long,25.18,1/3/2025 10:35,1/13/2025 12:01,Closed,0,21.61,487,0,0,0,487,-3.57,-14.18,-357,-1738.59,-1738.59,-14.18,6.73,-3.57
444,APP,Long,351.05,1/3/2025 12:03,1/7/2025 9:31,Closed,0,336.72,36,0,0,0,36,-14.33,-4.08,-1433,-515.88,-515.88,-4.08,11.4,-14.33
445,SKYT,Long,16.14,1/6/2025 9:34,1/7/2025 10:01,Closed,0,15.24,804,0,0,0,804,-0.9,-5.58,-90,-723.6,-723.6,-5.58,0.8,-0.9
446,AVGO,Long,239.74,1/6/2025 9:38,1/6/2025 11:17,Closed,0,236,54,0,0,0,54,-3.74,-1.56,-374,-201.96,-201.96,-1.56,2.01,-3.74
447,QUBT,Long,19.34,1/6/2025 9:43,1/6/2025 10:59,Closed,0,17.15,683,0,0,0,683,-2.19,-11.32,-219,-1495.77,-1495.77,-11.32,1.02,-2.19
448,DXYZ,Long,66.4,1/6/2025 9:45,1/6/2025 10:02,Closed,0,64.5,199,0,0,0,199,-1.9,-2.86,-190,-378.1,-378.1,-2.86,0.6,-1.9
449,LAES,Long,9.46,1/6/2025 9:45,1/6/2025 10:02,Closed,0,8.68,1399,0,0,0,1399,-0.78,-8.25,-78,-1091.22,-1091.22,-8.25,0.01,-0.78
450,REAL,Long,10.18,1/7/2025 9:40,1/7/2025 9:59,Closed,0,9.71,1246,0,0,0,1246,-0.47,-4.62,-47,-585.62,-585.62,-4.62,0.08,-0.47
451,DJT,Long,37.51,1/13/2025 10:02,1/21/2025 9:52,Closed,0,38.82,290,0,0,0,290,-2.75,-7.33,-275,378.45,378.45,3.48,5.95,-2.75
452,GH,Long,37.53,1/13/2025 10:57,12/31/9999 18:59,Open,46.95,43.18,291,145,0,0,146,9.42,25.1,942,2190.8,2190.8,20.06,13.36,-1.71
453,HOOD,Long,43.23,1/14/2025 10:22,12/31/9999 18:59,Open,51.94,49.93,252,126,0,0,126,8.71,20.15,871,1941.66,1941.66,17.82,10.28,-1.57
454,MSTR,Long,385.4,1/17/2025 9:34,1/21/2025 9:37,Closed,0,380.15,28,0,0,0,28,-5.25,-1.36,-525,-147,-147,-1.36,13.28,-5.25
455,HSAI,Long,15.87,1/17/2025 11:38,1/22/2025 9:40,Closed,0,14.86,688,0,0,0,688,-1.01,-6.36,-101,-694.88,-694.88,-6.36,0.56,-1.01
456,OKLO,Long,26.6,1/17/2025 11:39,12/31/9999 18:59,Open,41.57,36.45,411,205,0,0,206,14.97,56.28,1497,5097.95,5097.95,46.63,18.63,-0.85
457,ADTN,Long,10.58,1/21/2025 9:34,1/21/2025 15:49,Closed,0,10.39,1040,0,0,0,1040,-0.19,-1.8,-19,-197.6,-197.6,-1.8,0.3,-0.19
458,LUNR,Long,20.48,1/21/2025 9:34,1/30/2025 9:32,Closed,0,21.28,536,0,0,0,536,0.8,3.91,80,428.8,428.8,3.91,4.47,-0.71
459,RKLB,Long,27.36,1/21/2025 9:34,1/31/2025 9:32,Closed,0,28.39,401,0,0,0,401,1.03,3.76,103,413.03,413.03,3.76,5.98,-0.18
460,VNET,Long,6.06,1/21/2025 9:37,12/31/9999 18:59,Open,6.94,7.29,1814,907,0,0,907,0.88,14.52,88,1913.77,1913.77,17.41,2.08,-0.05
461,RBRK,Long,70.84,1/21/2025 10:24,1/27/2025 9:31,Closed,0,68.36,155,0,0,0,155,-2.48,-3.5,-248,-384.4,-384.4,-3.5,2.26,-2.48
462,RDDT,Long,182.14,1/21/2025 10:26,1/27/2025 9:31,Closed,0,174.22,60,0,0,0,60,-7.92,-4.35,-792,-475.2,-475.2,-4.35,8.86,-7.92
463,PDYN,Long,11.22,1/22/2025 9:37,1/22/2025 11:57,Closed,0,9.64,993,0,0,0,993,-1.58,-14.08,-158,-1568.94,-1568.94,-14.08,0.64,-1.58
464,EOSE,Long,6.2,1/23/2025 15:17,1/27/2025 9:31,Closed,0,5.72,1820,0,0,0,1820,-0.48,-7.74,-48,-873.6,-873.6,-7.74,0.44,-0.48
465,LX,Long,6.91,1/24/2025 9:34,12/31/9999 18:59,Open,7.89,7.95,1649,825,0,0,824,0.98,14.18,98,1665.46,1665.46,14.62,1.59,-0.04
466,BKSY,Long,13,1/24/2025 9:35,12/31/9999 18:59,Open,14.99,16.31,879,439,0,0,440,1.99,15.31,199,2330.01,2330.01,20.39,4.39,-0.36
467,OPFI,Long,12.59,1/24/2025 9:52,1/27/2025 9:34,Closed,0,11.9,909,0,0,0,909,-0.69,-5.48,-69,-627.21,-627.21,-5.48,0.26,-0.69
468,RUM,Long,13.68,1/24/2025 10:33,1/27/2025 9:31,Closed,0,12.62,841,0,0,0,841,-1.06,-7.75,-106,-891.46,-891.46,-7.75,0.51,-1.06
469,SERV,Long,20.76,1/24/2025 10:54,1/27/2025 9:31,Closed,0,17.96,554,0,0,0,554,-2.8,-13.49,-280,-1551.2,-1551.2,-13.49,0.47,-2.8
470,HUT,Long,27.65,1/24/2025 12:54,1/24/2025 15:06,Closed,0,25.97,417,0,0,0,417,-1.68,-6.08,-168,-700.56,-700.56,-6.08,0.17,-1.68
471,OPFI,Long,13.27,1/28/2025 9:35,12/31/9999 18:59,Open,13.72,NaN,831,831,0,0,0,0.45,3.39,45,373.95,373.95,3.39,1.58,-0.34
472,RDDT,Long,191.16,1/28/2025 9:55,12/31/9999 18:59,Open,199.42,NaN,57,57,0,0,0,8.26,4.32,826,470.82,470.82,4.32,17.46,-2.04
473,SEMR,Long,17.12,1/28/2025 10:18,12/31/9999 18:59,Open,17.44,NaN,649,649,0,0,0,0.32,1.87,32,207.68,207.68,1.87,0.83,-0.01
474,ROOT,Long,90.13,1/29/2025 15:11,12/31/9999 18:59,Open,97.56,NaN,124,124,0,0,0,7.43,8.24,743,921.32,921.32,8.24,10.85,-1.43
475,TEM,Long,56.49,1/30/2025 10:36,12/31/9999 18:59,Open,57.4,NaN,199,199,0,0,0,0.91,1.61,91,181.09,181.09,1.61,5.66,-2.88
476,GRAL,Long,30.16,1/30/2025 13:36,12/31/9999 18:59,Open,30.25,NaN,375,375,0,0,0,0.09,0.3,9,33.75,33.75,0.3,2.49,-2.31
477,RDW,Long,24.9,1/31/2025 9:38,12/31/9999 18:59,Open,23.84,NaN,455,455,0,0,0,-1.06,-4.26,-106,-482.3,-482.3,-4.26,1.76,-1.35
478,LUNR,Long,23.5,1/31/2025 10:28,1/31/2025 14:46,Closed,0,22.13,484,0,0,0,484,-1.37,-5.83,-137,-663.08,-663.08,-5.83,0.39,-1.37
479,ACHR,Long,10.01,1/31/2025 10:29,1/31/2025 15:05,Closed,0,9.31,1137,0,0,0,1137,-0.7,-6.99,-70,-795.9,-795.9,-6.99,0.17,-0.7
480,REAL,Long,10.02,1/31/2025 12:53,12/31/9999 18:59,Open,9.55,NaN,1141,1141,0,0,0,-0.47,-4.69,-47,-536.27,-536.27,-4.69,0.12,-0.63
